id,predicted_selling_amount
-9221607263697497458,-1
-9217919187333201744,159
-9209328318584438243,-1
-9208823364001929950,-1
-9207670017580758036,14
-9207200372803159411,62
-9206569785675213125,-1
-9205210164822940078,-1
-9195460115585985021,-1
-9183166557501017729,-1
-9180000557560239950,207099
-9162547391520652865,-1
-9155284066653500789,474
-9153063459780008701,-1
-9153055542434669575,-1
-9152743349832272015,-1
-9148528972634447112,-1
-9132680434888006858,-1
-9131161804281079496,-1
-9125921980138293351,-1
-9122294283942355052,13468
-9119704809452945097,261
-9113595277698732434,242
-9107844975718425678,35
-9090600433129515980,-1
-9090427005435313176,254
-9089256174473548435,-1
-9088782211332093516,-1
-9083349385937153792,-1
-9078320632554796663,-1
-9074217370718546510,-1
-9071612794120028198,792
-9065427397384143012,2039
-9045467247817454532,-1
-9045405279483314521,32789
-9042843293239344153,-1
-9042159001793857770,37
-9034960387181473991,-1
-9031916060462256278,-1
-9031535830272333199,-1
-9030126909531350646,-1
-9027650268451806801,0
-9023651248726892425,137
-9022152893987711437,-1
-9022146375452346391,1835
-9014304393053809835,5833
-8993817633097420526,-1
-8991982192013102275,-1
-8990605275559629765,-1
-8987127384223575963,-1
-8986374520080785448,-1
-8983535058854523735,-1
-8973832590479957912,-1
-8970882622260726499,-1
-8960011003471148490,139
-8949128604404850577,-1
-8948881793732858291,524
-8945430369408810564,-1
-8945258696773603626,-1
-8943384364882658872,-1
-8938317367272336074,76
-8922202566771930796,-1
-8918756412279827168,-1
-8917304065735255819,-1
-8911166377965123369,-1
-8909756524965647568,-1
-8906653794084381887,1120574
-8905926861667643475,-1
-8905151177611741389,-1
-8896529464582329475,-1
-8895672540388355740,-1
-8893560484035768009,386
-8893443672404032073,-1
-8889901207806206804,-1
-8887616457300665138,71
-8884971997116552575,22
-8884285913849588903,-1
-8877390131135342736,-1
-8874463954710287848,49358
-8862743167483372683,-1
-8860681971719623580,-1
-8859269516074356223,-1
-8854083814184196681,45222
-8848816459734396575,-1
-8847168531779230526,156828
-8845222412166936204,-1
-8833556966234497482,7
-8832726883698963020,1803264
-8824034743701168736,943
-8821599267612933925,-1
-8821509440073243339,-1
-8816165142664436486,-1
-8814209721206296480,-1
-8807519122870311402,-1
-8798277713314641409,-1
-8785558724648533865,-1
-8773063039338229576,30
-8752798165686216451,-1
-8746278596052964980,64
-8738449595399532770,-1
-8724270774092400992,538
-8718158070041230107,-1
-8716448497143532575,9668
-8713736175773933497,-1
-8713551160052299221,-1
-8712944670839426236,-1
-8702441499053876462,676
-8697905031145699722,-1
-8695813222607573061,1601
-8695677714844307606,-1
-8664477589914002148,28251
-8658976031835048140,-1
-8657573759931699416,-1
-8650801271293136409,24638
-8648816254332180980,493
-8633944585805533979,934
-8630900901866423065,-1
-8624721009254036875,-1
-8621000823580153564,-1
-8609210393075164250,-1
-8608269762505405431,-1
-8601011294870986744,103
-8600972532519536107,-1
-8600834425832042773,-1
-8600542412220559147,497
-8595291440037352153,60
-8581085307337699721,-1
-8577360145205227998,-1
-8572209132030099608,151
-8569222321093204879,-1
-8565150658162091993,-1
-8564592163543527002,-1
-8559581712938321687,-1
-8549412295758592199,-1
-8537109146995493545,599
-8532057866448444827,-1
-8524255797029435968,72
-8520865036138471935,1718
-8518379604078328934,529
-8517458680192491306,-1
-8515795212629993729,-1
-8515614270580799760,-1
-8515338758262301555,-1
-8506504537120915148,-1
-8505226616005183685,18913
-8503686409577453400,-1
-8495362751434606826,-1
-8492699384420406004,1934
-8490766097359099976,-1
-8488720902610780917,-1
-8473479720844969406,-1
-8473380332940553774,236
-8470207376631537607,-1
-8469847192991492258,-1
-8469756655121733620,-1
-8460008887217219869,-1
-8459053674577618675,4055
-8454648056691725036,-1
-8452833661246554378,511
-8448736486382249690,1592
-8444153841462541603,-1
-8439391384805066879,-1
-8435343628111411222,-1
-8431071275154183447,26905
-8419022620489308195,-1
-8402972554004720813,-1
-8393078152145175774,488
-8387282531060923072,233
-8375654828065985201,-1
-8368778153071196515,-1
-8364451789577805068,-1
-8363612524955687613,-1
-8361068553567236085,-1
-8357403074372812969,-1
-8356080594523936786,-1
-8346758991800895750,-1
-8340728759461999679,127
-8340675777150390841,-1
-8333432172267835136,-1
-8331753208045160189,-1
-8320101223295564260,-1
-8319519254865491986,-1
-8308142348246980138,-1
-8303594602312512432,-1
-8298786697796760855,-1
-8297335501524817933,102
-8290558604289546856,275
-8282825010062764600,59
-8280559533196250387,75
-8276719929309331441,-1
-8276263861714687377,-1
-8275888931434154474,-1
-8269394766047398379,427
-8257370439367285778,-1
-8256506965083063494,-1
-8256504252617881076,-1
-8249679032340125252,684
-8249229303874447469,-1
-8247307605224158412,-1
-8237838307681406388,-1
-8232505321322170318,541
-8229819622895458037,744
-8228122393299466433,37020
-8227026183352537496,-1
-8219332197374576561,-1
-8217973823473337643,-1
-8210839353781932365,970
-8209737113901905558,-1
-8205517422867741440,-1
-8204489190047822012,-1
-8203820126700157332,-1
-8196365937669016692,-1
-8191252553305660951,-1
-8190458270517902706,-1
-8188919959371501405,333
-8184801189391795119,-1
-8184075805097193839,94
-8179643067555361143,-1
-8172680978645676970,65732
-8166452908400803279,-1
-8166168393159758133,-1
-8163805538768956885,840
-8155870802161977815,-1
-8153914592985967337,-1
-8151205309530668280,-1
-8149386481857668983,-1
-8144742359421804488,-1
-8141285295376521321,39
-8141135050072972861,-1
-8138124743692182943,1781
-8135310177509474384,-1
-8133038166977041820,-1
-8130782018617615376,108
-8121041895496501736,138
-8119906748190192539,-1
-8117235683516121958,-1
-8112120517228111264,-1
-8105488969589212366,157
-8099099233507625523,1070
-8091299308684752993,-1
-8084692841369452651,395
-8084248095432480376,58
-8081908314282091113,-1
-8081303493993772087,918
-8078190353435718584,-1
-8074634756988544312,-1
-8070803052524805705,-1
-8065903969984579753,-1
-8065048604881203489,20659
-8064145219724099230,-1
-8062421319768382280,188
-8061417352938577208,-1
-8061273271003681087,-1
-8055987361932328079,418
-8051506970047531460,-1
-8049011112510411992,136
-8046368431389255895,-1
-8045314826404269368,-1
-8044069714059917895,1159
-8043916746236376418,-1
-8041387407314412620,423
-8041045396938686181,-1
-8036741987250657800,-1
-8035755189002575172,556233
-8033231125883491781,147
-8032324520502363637,-1
-8026559338240676459,-1
-8025573476212839313,1043
-8023239010407727864,-1
-8018382916352728867,18642
-8014842212787719612,-1
-8013688003511807174,-1
-8013465437489763309,9983
-8013321137993155818,200
-8009986505867651087,898
-8009300407563799236,-1
-8005837513842044382,150
-8001635661752016057,3
-7997707812635208822,-1
-7997418001574932812,-1
-7989110972818089859,-1
-7980461971933445975,-1
-7975365413332703745,1052
-7965906139948896177,-1
-7963109791956638761,-1
-7960229460207219775,39210
-7960191043417002622,-1
-7958464008118028146,1305
-7953951686276518737,62
-7953514584809799950,-1
-7943783822859134585,27
-7942957580050167148,67
-7940543939090656894,-1
-7936112718537287150,2141
-7926820054409809461,-1
-7925510207814260049,-1
-7920735246581381636,148
-7916835009826683325,709
-7914126556496048450,18
-7911630730046984546,-1
-7908365017706970921,95
-7904076377483259058,509
-7894569686853427302,711
-7885380912025711560,-1
-7863712016648268224,-1
-7855521040267510433,-1
-7847410333967573521,-1
-7836101776132132944,-1
-7835462392113324539,-1
-7832193934452494000,166
-7828078099717834322,-1
-7817697501441782069,-1
-7811047788771858679,-1
-7801487582206214033,6965
-7800499606246677705,-1
-7800306140875444995,-1
-7790886210143157913,-1
-7785311557277125741,269129
-7784993753064298557,1569
-7783868562324335006,-1
-7781835616361319622,-1
-7779943693444747996,-1
-7776087067297626687,1318908
-7773543729755318246,-1
-7770072176549185944,538
-7769205225615854927,-1
-7755721277124348403,-1
-7754442966044722304,359
-7750189639987279040,163
-7741768469164436526,-1
-7740804203605536971,-1
-7740743900734085908,-1
-7739774093796004773,-1
-7739451982731958147,-1
-7735307605006197296,-1
-7726837009953090312,4204
-7716764565535292971,972
-7714163416008078710,348091
-7712690458081228603,-1
-7710917145088184261,-1
-7708180415839735668,-1
-7706740115911154469,-1
-7701308431456598660,-1
-7698644680953720411,299
-7698365342386131971,-1
-7698334395083904203,-1
-7696409303562032656,-1
-7693096766614596291,-1
-7689231755401976196,-1
-7682894974242320091,1988
-7673196072088680197,-1
-7672791591420453766,-1
-7655315481806122786,12434
-7648489321810635983,-1
-7648185677626495222,980
-7648017744480396960,-1
-7640295889407234592,-1
-7636586700452299248,453
-7634240382964896461,315896
-7618763787419012762,213
-7618566463422957231,-1
-7616557575691159078,104
-7609783992945187658,6907
-7608676827378098763,265
-7608573042550119588,1072
-7606644128928727714,1895
-7602572629316140494,552
-7600925740807419246,847
-7600919839282197151,-1
-7569049966262062573,-1
-7563373776646735713,3970
-7559700654009172214,-1
-7556580662600455725,-1
-7556527998120986316,-1
-7547797371913237280,-1
-7543241131409717810,-1
-7536693380416258487,-1
-7534156188062412511,7109
-7530048248077234933,-1
-7522158165327327612,322
-7516307482426501851,-1
-7515546106671571463,89432
-7512333435784855739,-1
-7511636506077966325,-1
-7510538876014590179,151081
-7492794121027733086,-1
-7482951187918658252,59
-7481092266886308676,-1
-7475365566385026822,157730
-7459691508768678087,339
-7458663874685710453,-1
-7453968692749064603,-1
-7451063220590254333,1117
-7430216212810770548,527
-7416867307305788547,7304
-7410727326130583980,-1
-7408798656864691296,-1
-7389242446055608389,60086
-7382592573342976054,222
-7377151786648664008,51
-7372515546978760438,-1
-7360502931884107459,679
-7353968299222589856,-1
-7344094834000113689,223
-7333546931719532971,-1
-7325441546013826261,-1
-7324600179433624903,-1
-7323269151936763297,-1
-7323261695948681380,110
-7317709986661596276,431
-7314153020454163247,-1
-7312303432982605904,-1
-7309385781999644807,-1
-7307322662623623840,-1
-7304530723166263097,37297
-7295408114065341098,571
-7292579593499210474,113
-7287329281524256015,268
-7282526197188457884,175
-7274761153254387951,-1
-7266773999028754256,109
-7266081379677692417,2639
-7264036490051965153,2453
-7262986180947989530,463
-7251437533321084424,-1
-7247374977111680869,845
-7246719591578534564,-1
-7239529006227368386,84
-7238178345958242211,77
-7237044564850886500,-1
-7231735816760285600,3157
-7228139748528052168,-1
-7228051104682545284,-1
-7226612370056343943,-1
-7219511182762711168,-1
-7212290709677926036,2646
-7202716036381340110,76
-7202425846294760797,-1
-7196506651741039841,395
-7195529046525577956,23027
-7190287234872258735,103
-7183362335437967738,1761
-7177998528645811569,-1
-7173988177043573194,-1
-7159676158673823029,-1
-7159486224416489085,-1
-7158177980218959744,-1
-7147436823437215726,-1
-7144839678045710465,-1
-7141369282238974295,642
-7139805798046339578,-1
-7137157769095152324,700
-7136099269188953612,-1
-7130054094117361287,-1
-7128907413357317656,165
-7128814723777998831,-1
-7126123013616950845,-1
-7123644921338792994,2649
-7121683903818491613,-1
-7120169824973702631,-1
-7117665975973605319,-1
-7087745828145838831,50
-7081707547402052286,-1
-7079476993339756193,-1
-7065997527551020719,-1
-7061806987404799085,-1
-7060398218581504339,-1
-7052232809585837850,-1
-7051921846377980174,192
-7050606193730173404,-1
-7043722873783160399,2365
-7035560151135842119,-1
-7032468810682657902,49465
-7032332227063624092,-1
-7017494704694538224,-1
-7015360483761636837,-1
-7014827999731174652,145
-6996546233259907495,-1
-6994551760986531795,-1
-6988565120241714382,-1
-6984505532933013233,-1
-6981243680661630609,-1
-6979701316227496182,49
-6961051895421931389,-1
-6961006777643829736,-1
-6960135416406632291,35
-6956842306774613838,380
-6955130591746871497,-1
-6946151248832544892,84
-6920929999181963534,524
-6920083323847900919,-1
-6917647412808234285,-1
-6912352116237533125,682
-6908264487737863147,484
-6907870604953179936,8810
-6902940564237979879,-1
-6901239719923172336,-1
-6887831236058545789,-1
-6878346928852161574,-1
-6877872916905875862,-1
-6860244553297565010,448
-6860186340479371355,201
-6849735944085002284,156
-6847271905522386391,-1
-6833542372170919895,-1
-6831476286351446844,3599
-6826975574601717044,-1
-6818379732899400829,-1
-6817063688599408539,246
-6815997904745722015,-1
-6813304365434472747,-1
-6794521532282310117,-1
-6793563111565965921,-1
-6786360308652748796,-1
-6782319257738401591,-1
-6782222419174583206,5424
-6781329496769509045,-1
-6780317771180726774,-1
-6773760561675485484,-1
-6772757728354414064,22725
-6771889605718811032,274
-6766042190993210964,795
-6758124534957527795,-1
-6748191447299932896,-1
-6745140865047058786,-1
-6742889393895470531,330
-6737901373903279000,-1
-6736717038397683362,83
-6735881879319667736,-1
-6728837951374166248,1430
-6713727859540040301,-1
-6706904310321363637,-1
-6705831127047735295,-1
-6699497794147705560,-1
-6697143590508734097,-1
-6693074088933657249,-1
-6690673593972450390,-1
-6686057963025417993,-1
-6684994838144891834,193
-6678187534230201236,-1
-6669326347998631201,-1
-6668718249467142427,179
-6666070372064838914,-1
-6665628365741965265,-1
-6665070899569168461,-1
-6657272518986381058,-1
-6653643739219956930,-1
-6642574863032059686,-1
-6627847528671602014,-1
-6602384208226067052,931
-6599660708317896226,-1
-6581265845933575383,-1
-6576439588684254974,55
-6574621137966848733,357
-6567251884198386824,-1
-6558657697287903013,-1
-6552651566208037498,1753
-6535314260723515004,1784
-6518187738145468036,-1
-6489655011686878037,23921
-6488747305278987938,-1
-6486120323012212317,-1
-6486027003145756477,-1
-6475063110828905009,-1
-6473736298239744302,4477685
-6472764576379024741,-1
-6471622594413183490,125
-6466634385024120090,75
-6466020969898487465,-1
-6464300185414702334,-1
-6460452893188753134,-1
-6456819499791939248,-1
-6456039419596458163,-1
-6455356159633357770,464
-6451155585303583641,-1
-6445539485276725502,6
-6439926283528114084,-1
-6439863838048979507,-1
-6423766702315478266,-1
-6416531908906416939,1293615
-6414708730537029833,-1
-6412723923820998762,-1
-6410826731485219580,-1
-6403403363745057527,193464
-6392518420943300566,1596
-6382784935588167530,632028
-6372663824587944380,796
-6362058160927812466,-1
-6342417957118871992,-1
-6341776833141079962,-1
-6339564574215376771,359
-6336145648197455446,-1
-6334362695217711710,1095
-6329519667778282947,2998
-6329065705580915857,465
-6320673730491245708,3207
-6319266418773495100,-1
-6301873718685074224,-1
-6297286648089214870,1237
-6296793277409381754,-1
-6295665939711897218,65
-6295352326842048573,165
-6290111837331362859,158
-6289571117581040679,2185
-6289542446699686074,-1
-6288423577709379220,113
-6284701841252355365,71258
-6281380953568036247,648
-6275535114082156331,-1
-6263696031933661178,1957
-6257952279297978473,40
-6244113691141170687,76
-6241183125848732548,-1
-6239770353695670430,309
-6236531407829523881,-1
-6214947293035746569,-1
-6213659448307648693,19
-6211672601638181834,119
-6195630447005460151,686
-6189824255296330617,-1
-6189275235415956612,-1
-6187088221144731147,-1
-6185118345400791338,1657
-6185076264359769352,-1
-6182285678293285979,-1
-6181076305157350912,42038
-6175679913650786282,-1
-6159849230299440075,25172
-6149919380832124469,-1
-6145382094214864907,-1
-6139955192710940375,-1
-6135513638215454124,-1
-6134718603287954611,-1
-6126823929516884769,-1
-6117907132626183171,2024
-6117282368886233902,-1
-6109930209668752932,-1
-6104435525542514472,-1
-6100206715516278403,4742
-6099581577241337391,40999
-6094094433998336492,-1
-6085651410435122117,-1
-6083731209684049025,5595
-6080514781118778964,-1
-6074879993615416832,-1
-6067585335765357974,-1
-6061539835057821871,-1
-6059719429248556789,-1
-6036451240289828249,-1
-6036199657389829988,-1
-6030273212291938265,-1
-6029831879929061638,-1
-6017067997613351722,10592
-6013915633807674656,-1
-6012384316259420268,-1
-6011099973091465173,-1
-6008663906135393307,3260
-5999955635610997684,335
-5987988196548940589,2493
-5985933824329275267,4452
-5959203073546792229,376
-5958679747649378318,46
-5956858433028786595,-1
-5953476582993288697,244
-5952478411685422796,77
-5947984391028767486,225
-5945008634302246854,-1
-5944072819222410696,-1
-5943457501780090071,-1
-5936755562333598169,-1
-5935019961730765542,-1
-5933027837437754704,124425
-5919095701020443155,-1
-5915577483366319636,-1
-5914883577669286833,176
-5906487462045073045,124
-5902757905751933631,-1
-5889851120053914931,-1
-5887349361712892255,-1
-5883546016645256357,-1
-5873702112198292253,-1
-5862305377730807601,57
-5854755815464967078,4066
-5850208602328013927,-1
-5841231927890400371,-1
-5839636354940605848,-1
-5836345301642335066,-1
-5835551425568555737,-1
-5835340176257827764,6928
-5823646351820997042,2908
-5814475267286856068,-1
-5812216392196703177,-1
-5808339182656077524,-1
-5806166278093594818,-1
-5802763868110037201,76540
-5799966278653866554,-1
-5799793964808642615,-1
-5794271185285112960,-1
-5778245061541317379,674
-5767096485103333167,-1
-5758900827430527913,554
-5755394714665529179,358
-5750714194336424748,-1
-5749822912635709850,-1
-5740533422557062243,9
-5737596443227228078,2590
-5731541954191648237,-1
-5730871169721570924,1169
-5728803686194905981,353
-5728359920222774833,22
-5727328010290033294,3755
-5717665260341790828,-1
-5716020426390001025,-1
-5714796425473322212,-1
-5697884732745036293,10455
-5689547143063086497,-1
-5687513708893506323,-1
-5680410692345862482,-1
-5677811172903779679,109
-5674948617080907453,-1
-5671268235993441115,-1
-5668199018813412123,-1
-5657202222143634364,-1
-5650262579190517579,-1
-5649506859648240727,207099
-5644388797942810170,-1
-5644374726670831374,-1
-5640852165633795305,-1
-5636941203866945764,-1
-5635412912672485395,-1
-5633706491226813955,-1
-5631280201417928863,-1
-5626168942305029512,-1
-5624414937268047859,-1
-5620279034538404629,-1
-5603541152149293842,-1
-5600764308720634297,-1
-5599076316167409327,189
-5594663123166162470,-1
-5592774119909903669,1602
-5577047349975123397,288610
-5573860881577508296,210
-5565668387305063565,-1
-5565041199005148586,207099
-5543751429979694649,-1
-5543110357340095036,-1
-5538996817773689583,-1
-5538303062042149166,480
-5531984339182381139,-1
-5530357874936938703,4391
-5528522919830685828,-1
-5520702375250881870,623
-5520176137911351590,-1
-5507210053079858609,18
-5506938291867381638,30294
-5506423454013644121,-1
-5503192967130168465,315
-5488794660800656820,-1
-5484204381641977600,-1
-5480426996850499135,-1
-5475867804718308076,-1
-5468834180716041952,394
-5467814457945064856,-1
-5464264335119674949,130
-5456369567146152350,-1
-5452387196209043765,-1
-5449571650803451898,523
-5448077891043117563,233
-5448025196770916407,234
-5446695056747893699,-1
-5446584976158638450,-1
-5444462006822277291,479
-5444181198527720172,-1
-5444123684222148141,310
-5443209314232305618,-1
-5435497355800345629,-1
-5434848206782578228,-1
-5430125825169292519,-1
-5426085591438461468,-1
-5424562545201586712,-1
-5422685299768631619,2401
-5419132190134349514,-1
-5416899111485683038,-1
-5409118449239623957,124729
-5403769663745623848,-1
-5399399813929864417,2384769
-5391021174755904950,74688
-5387591194338083824,-1
-5386395831174191375,-1
-5383646190718341633,123075
-5382364707696861362,-1
-5373890305846986381,-1
-5370623585471229154,-1
-5370428134550177740,288
-5366475687867395328,-1
-5357319955503213550,-1
-5356985612031433363,-1
-5349832802406518157,1089
-5348441064654236842,3207
-5339928918878747674,-1
-5323883965573836023,1001
-5319133444137459778,-1
-5315821671097598624,-1
-5311939087466565946,-1
-5298348871881985856,-1
-5297919281759802624,-1
-5296866640566024867,1889
-5296353556726537160,-1
-5296239993886380782,1242182
-5293950912909772301,470
-5289542377384395883,-1
-5285698925778083760,-1
-5281264652391090292,4333
-5277960504507649132,-1
-5272273446161635509,13
-5271326728717708620,-1
-5269712289647597020,1557
-5258348340457705146,-1
-5252566530995980654,-1
-5252266992191339195,-1
-5252068470006477679,28
-5251827912897995239,292
-5247472974916980669,-1
-5237075435596853098,24
-5228085420102810529,252
-5217406263975622969,-1
-5217343016631135015,-1
-5217259543038332095,-1
-5215936987867371938,-1
-5205680842653594191,-1
-5201993134741943214,-1
-5201592114698691146,82542
-5198566190476423481,95
-5195181519812810761,-1
-5190696730154695881,706
-5180585673908955392,524
-5178293903810462479,-1
-5176699361791019638,323
-5175051498344148803,-1
-5170986661854958418,26859
-5159094045455445631,-1
-5146562839702448013,98
-5145450754469683010,36494
-5144178072828586163,-1
-5144104515245646287,-1
-5122388311299770985,-1
-5119084256385202149,-1
-5109761256844316426,27569
-5102214257117013873,-1
-5094822926220997396,-1
-5093873856555436031,-1
-5087807229705458880,-1
-5087790230148209156,-1
-5087758706780751675,-1
-5083666154999805392,-1
-5081602996248725447,-1
-5074542601624493605,-1
-5055750587705075023,-1
-5053465503319967654,-1
-5052643519710501287,-1
-5044829528118597723,-1
-5044364967429600498,29652
-5042513554295206463,-1
-5039990695804970442,-1
-5038024742542998486,42
-5028815713006187474,-1
-5026299925315611459,-1
-5025222747870466200,-1
-5025166223116466136,1
-5024480631258878888,74
-5022578070300522764,136533
-5022065817573846454,-1
-5018791646572307964,-1
-5016462118239499268,-1
-5015296717672977927,-1
-5014326792613922747,13
-5012682898328287495,-1
-5006013124829150029,-1
-4998799669571433705,-1
-4993783370864836420,-1
-4993098503984630999,-1
-4983853331468351802,2339
-4979468829274624029,-1
-4974145955943256109,-1
-4972037810536899947,-1
-4972010549275777252,-1
-4971839648089435897,-1
-4970965858445314121,-1
-4969028315887141087,-1
-4964071780353756053,-1
-4960116699085040195,220
-4959990143309806834,-1
-4958935021273897487,536
-4952214339580504112,80
-4944873211804641787,-1
-4935561890780572163,27
-4932092416930480490,-1
-4931125960219076653,5677
-4906846431664502369,1916
-4903198121664388061,-1
-4897412153715473225,-1
-4881901706469840321,-1
-4868841028359788190,8
-4866984721486669496,112
-4864156602876122809,-1
-4861942246925742774,107
-4861639000357801501,-1
-4859885531409395721,-1
-4853685310189525565,3805
-4844203320858353702,-1
-4832902232752715985,-1
-4827344943454892333,-1
-4824818236518506196,-1
-4821781435053337002,-1
-4820208091059365109,-1
-4819124406771845615,-1
-4814966968675841791,511
-4810120491236649202,-1
-4795327493896055946,-1
-4790844845358615987,-1
-4781600216062436314,-1
-4781447551705566722,-1
-4775751895886833913,8449
-4769674741444131014,457
-4765024819330744225,-1
-4761818558558609425,-1
-4760624413218876291,-1
-4740078008440478768,61
-4740048449149385227,-1
-4727904569578362338,116
-4726509138990204471,3007
-4719761474594910026,1055
-4717216028923053049,-1
-4705673374642092161,1870
-4704822978715593978,244
-4704152932700557041,-1
-4703430535508782638,-1
-4703332381882201769,-1
-4700916685155015366,-1
-4692192468538271709,-1
-4692115055935957166,-1
-4691393856062561694,385
-4685340398826424351,-1
-4683473192875755243,126732
-4680395005447504980,-1
-4678680131543533031,-1
-4668129154283073993,-1
-4667235292572310010,-1
-4666838191779767556,2
-4665598859040331019,-1
-4664662898405465772,-1
-4648706726091176222,-1
-4647220428975822804,-1
-4644955645160529915,-1
-4640009827423020268,-1
-4637584366774720869,58
-4631189778540082712,72
-4631037905022206379,10407
-4623750707796447609,1232665
-4622982794356144714,-1
-4614683931472586908,-1
-4608947738963995345,-1
-4605626895242155077,-1
-4601836154647449629,657
-4598197754411794954,-1
-4597738867240379935,345
-4593827389810386838,94
-4590918143082985906,-1
-4583786787063792064,-1
-4575710193432711013,-1
-4574593911723414180,4844
-4574454641068889154,-1
-4571993361839510759,3499
-4569139265041418247,-1
-4567234112434152863,-1
-4566732970170361942,143
-4556349502793137669,-1
-4553842204905663451,10498
-4550971948719496382,34683
-4548556780531384264,145737
-4541993867433555928,6530
-4537725008450531623,3
-4536837668053700992,321
-4534579931231111425,2372
-4510313246784551159,-1
-4507688645433678336,19785685
-4498528205849241261,30660
-4493077579243085562,-1
-4491687538827939823,-1
-4491029663180485374,-1
-4487520829866261010,-1
-4476850305511684420,539
-4470669139134940480,43
-4469481093130179635,-1
-4463341666523424999,-1
-4461468356930251208,360
-4452463265534805204,-1
-4449794605540294566,90
-4444777630817876472,-1
-4443777306016467680,-1
-4443644132142929355,-1
-4443349324801516379,-1
-4440616706359661774,-1
-4439141216038200685,-1
-4430720838534455889,-1
-4429810233933882475,3262
-4425164775689798470,2798
-4424465554850439157,-1
-4410575313436844765,-1
-4402690978167734606,-1
-4398939872370476550,-1
-4396227661494218927,-1
-4391642012672426141,38
-4390045245424123092,3312
-4385115389591792035,52
-4384138978386691501,-1
-4375779746766432505,-1
-4372902030457014754,23
-4364091072703800133,-1
-4360766549307731113,-1
-4354274230884468017,-1
-4341414121477307319,635
-4333979800457452006,-1
-4331790225090460118,-1
-4329414326276296884,-1
-4326589495828978047,-1
-4325916536766789485,-1
-4321289744122243327,4565
-4321218418401907680,-1
-4317680895763140352,9719
-4308888475140580915,-1
-4303392524799642829,-1
-4302079753813765620,-1
-4292806852860886359,-1
-4290884535452372687,2649
-4287180773241387532,-1
-4286593619703607119,-1
-4283170643693713808,-1
-4282712828620215406,430
-4276675266082172744,-1
-4275191910007097543,169
-4268047890724834034,128
-4256088355168524486,-1
-4246826503564841209,-1
-4244747495858834715,464
-4235245699402176710,-1
-4233276977660976237,-1
-4232426202140749751,-1
-4215544476164613875,357
-4211557915655797046,-1
-4194616799829814399,-1
-4188008025014890257,504
-4169751530427393938,121
-4164178572380984019,114
-4162035247546256918,-1
-4161287274307697360,-1
-4155045025153319906,-1
-4153135716991663142,-1
-4144962928653243483,-1
-4142587082167253077,29
-4139406942749050360,46988
-4138788743212944644,-1
-4137535255667572419,-1
-4129561248931322038,-1
-4123986026883622756,1699
-4114893411321154903,186
-4112671670016467315,-1
-4112580654174260943,49
-4106260611088337117,5298
-4096056816148241252,-1
-4091956479507687745,-1
-4088381133821364784,-1
-4082521751735727059,-1
-4080440032944073976,4186
-4074843885664176628,-1
-4071380852695089200,-1
-4070843487742311769,58
-4070385072401358705,5300
-4063402536526225661,-1
-4054762897573081523,-1
-4040500999315627065,-1
-4039208173775076090,-1
-4036841989304353986,-1
-4036481433526794953,-1
-4036201868879892763,-1
-4032155164612679895,-1
-4031898542795537449,-1
-4029296575458659452,-1
-4022798990682796728,60
-4022685097554179710,202
-4022040868264509384,536
-4017814796758348340,-1
-4014337182557175644,-1
-4006118946501835383,-1
-4000861497988340062,-1
-3999475541800687533,-1
-3995919303394996502,-1
-3992998830673605144,716
-3991130943004454031,-1
-3973385250958076071,126732
-3972214440602825788,7946
-3968385731314933544,2329
-3967773345647285579,-1
-3952929341510689534,819
-3950860105334557526,-1
-3946239312155153276,-1
-3941679103083083694,-1
-3924769712611535545,-1
-3922509029033170782,2453
-3919606474298494492,851
-3911891208205212727,1120574
-3905876261669800989,-1
-3889527156268170220,-1
-3887280248273538907,405
-3885406718500883689,-1
-3878599649255096514,30106
-3859253106096139052,-1
-3838148380030378215,-1
-3834277957640798257,96039
-3821417154230301767,-1
-3821334088476076406,266
-3817796171126685343,191
-3807878804055723949,105
-3802588132380649333,-1
-3791868040384281822,-1
-3791489458780806914,401
-3782865908606601406,154
-3780987428240258916,-1
-3775881689471087427,801
-3774382947839884753,-1
-3769017508703787257,-1
-3764755845756909869,-1
-3762367212404725246,-1
-3757773511422378295,-1
-3757156586540425098,-1
-3754362876178537930,-1
-3753653628899314895,-1
-3750743116002105909,32241
-3749151818549855212,-1
-3741760362507610614,-1
-3740413606401673334,1926
-3738882183654972445,-1
-3736878419721019068,-1
-3736067614845479502,-1
-3736043895102713469,463
-3732070735287797812,-1
-3732004174609459241,-1
-3729791003655384360,1033
-3725803148051313309,-1
-3724063180227337020,-1
-3721011667611555289,-1
-3719330025653233465,-1
-3718723059384320162,-1
-3718043058914433720,-1
-3717541074496028792,-1
-3714219931912163210,-1
-3713601007978388344,-1
-3710290184835885937,822
-3710277251997417518,4070
-3707836470549966805,-1
-3685132283812066501,-1
-3680970948882707084,-1
-3680852031133285719,-1
-3673461445638443973,233
-3663679427567577224,-1
-3658056309328468685,-1
-3655397724866671067,17
-3649968254865624669,-1
-3648648686786807715,1486
-3644984955679285557,-1
-3642515028423159078,-1
-3633275128678955755,67
-3629779251311760767,203
-3628182698373344185,391
-3625369771174227130,-1
-3623886078453813729,-1
-3620970836765176955,330
-3611921973079747797,-1
-3602528141222059912,54
-3601233203915239339,-1
-3600391716600359671,-1
-3591569668110886272,-1
-3589454317003756106,84
-3564309139297069533,20
-3560136758548889967,18659
-3555740661175602076,-1
-3546188654344671827,-1
-3542751880637446733,177
-3542187687608753641,-1
-3536998100060338392,262
-3534613234862104274,787
-3527691396657601795,-1
-3522582676179656040,-1
-3519735378368121589,185
-3512169937151708038,-1
-3510870269170521216,-1
-3504939269517811166,-1
-3501865632088850910,-1
-3499590806017196657,-1
-3497733912617006250,1880
-3497733839367661867,130
-3482046299827809706,-1
-3476174146969772406,-1
-3459940142627687227,-1
-3457857848529498060,11878
-3442477734844862834,-1
-3421610803570113439,22
-3416516674550236077,-1
-3415714725518571276,123
-3413024328694711887,14
-3400234200366267399,-1
-3397838988186042007,-1
-3396099902571984491,106165
-3385765197686465323,-1
-3381995144502843062,-1
-3379725492912803180,-1
-3372312134452516761,3524
-3364794928851175079,-1
-3359947897241350580,-1
-3355329067574929127,-1
-3354129268513580146,314
-3350488697920221170,-1
-3347035739809142413,-1
-3345370475266970204,-1
-3342965065847068081,1618372
-3342143781793016306,-1
-3337291620745959129,-1
-3332920429514881976,-1
-3331122446917732634,29
-3326377262030997836,-1
-3316521462979676652,12552
-3315572235828341588,3954
-3315120549861390078,-1
-3309385388167976538,31
-3308027069141690318,-1
-3307663105223565529,-1
-3296757499555459418,-1
-3296448255734836917,-1
-3294451456381751701,418
-3293202703890681830,-1
-3291020921465473705,-1
-3290417355103265245,19
-3284123636014773183,-1
-3276508541752184802,4275
-3266093322429289392,-1
-3265622940013559411,226
-3264664225188263940,-1
-3264483062472807880,-1
-3256668485671780190,-1
-3244307134032535832,49
-3242868767512798278,451
-3241777944264362394,-1
-3240793261567798526,-1
-3236153460195389720,-1
-3221928361845341819,-1
-3220456025361914382,-1
-3218854091166666052,-1
-3217348215992242020,5172
-3212487464517023847,-1
-3212043740397028342,13
-3198500759864900469,-1
-3196036259626113442,-1
-3191350185730560526,-1
-3188747858029407700,-1
-3184860056828491718,-1
-3178218214153951208,-1
-3177408750630771512,-1
-3168268573955713457,302
-3162244458840650413,127
-3160081657161438304,34249
-3152104749809896388,-1
-3151801225433601105,-1
-3139342139123656519,-1
-3139089148233752724,-1
-3132348832581107377,991
-3131338113626734192,-1
-3126082434916992147,-1
-3123957588129828829,-1
-3118461937260716139,-1
-3114797154252278351,-1
-3107683650417747181,-1
-3105691235517802464,94379
-3104280534666053013,-1
-3100148364343786728,959
-3099961143386341022,-1
-3097205490068664945,-1
-3096301387480877651,476199
-3089072846808081263,-1
-3087451585986533470,11682
-3085187205000920797,-1
-3076279999126992243,3177
-3063476092837746090,-1
-3057287202330138743,314
-3053096267421042967,881
-3052937666002626787,-1
-3050302897319174774,-1
-3049357306074882954,827
-3042749894865849708,173
-3042176096782490649,-1
-3039759927297239243,38
-3038863428111789016,-1
-3035174419306139579,1618
-3031213230298094830,-1
-3021828009113210286,-1
-3017660304943675011,312
-3007969120465246578,-1
-3004832809789326851,-1
-2997976989868186221,402
-2996800996776555107,-1
-2988223348873575307,-1
-2987154357838801593,-1
-2985970788446746512,-1
-2984390672513316907,-1
-2980300087687597240,-1
-2979416419699807761,381
-2973948617621832894,1138
-2966543796347989900,-1
-2951159595410345383,2120
-2942081950186559654,-1
-2932692116428999169,-1
-2932387095290010525,-1
-2928859811776960520,486
-2926925788954420475,-1
-2925334241343308733,43284
-2923508776771637509,807
-2923119821179831004,1089
-2922607576483475819,-1
-2893912607765844503,-1
-2875361162373859765,-1
-2864344871974662173,4284
-2847181840136608660,-1
-2838187139685163025,-1
-2818780268097700140,-1
-2817755326567430786,-1
-2817554010678046190,525742
-2814058406493503255,48
-2811785365573309127,-1
-2811559806752479495,-1
-2808339558209747731,-1
-2795991114765933236,-1
-2786221174808179224,45
-2780737443874206422,-1
-2777457450151957040,-1
-2774010860602639345,-1
-2772378929493839801,61
-2761272155769488762,-1
-2759706680066647027,-1
-2758739051939371946,-1
-2758602153549684662,-1
-2753102906035268461,-1
-2752685846680970543,1475418
-2750658209006268700,-1
-2746265165434654737,655
-2742761171461826417,135
-2740584824685669230,-1
-2736574670205999318,-1
-2730383287651180654,-1
-2729718379226678737,1075
-2728720696456311177,-1
-2724074974171992785,76
-2722618476771513023,-1
-2716326729275173397,65
-2715449789745438248,1954
-2715259321892792327,-1
-2714472504729694188,-1
-2714204483419489392,231
-2711184491218684152,-1
-2706508586496305703,-1
-2701754901430901702,-1
-2696488227851537644,23264
-2675998465042226251,-1
-2670086629801830647,-1
-2663235757374827621,-1
-2662217763240305229,-1
-2657303827417921047,-1
-2655550125434585133,596
-2648785693086019295,9015
-2634686938125762883,-1
-2629182541884345396,-1
-2623279077053214386,-1
-2615789931671801602,-1
-2613961777370783952,-1
-2613792581069847286,-1
-2611934236183741813,1156
-2604230598366219609,57550
-2601106634343451790,412
-2600705558726651695,175
-2598811161263120693,-1
-2594638956328289100,1463607
-2590532923632921520,-1
-2586063316995327297,-1
-2584127515677573223,-1
-2580913426071097947,-1
-2577429789015651906,-1
-2576244216253060055,-1
-2572446602083791721,-1
-2571123004045402088,-1
-2570997459793532151,-1
-2570509293943730377,-1
-2566498492084825755,-1
-2554816323469135804,-1
-2553347314503461437,89369
-2546628491577058851,-1
-2540619721004037399,-1
-2538344005591676376,-1
-2531310569349010768,-1
-2523980267967260608,-1
-2523944540869839566,4334
-2518403182187734864,-1
-2517624318382067185,-1
-2501143347636984319,21
-2497144926836309859,133870
-2485671707338882939,157
-2482375510273832173,-1
-2480692008394192903,5855
-2480656961061766640,-1
-2479818712827165816,-1
-2476651745002506830,-1
-2476625957159726321,97
-2475485518756920541,57
-2475348746789509276,2124
-2474249782743868078,57014
-2470807854596401811,81
-2468966611676857631,-1
-2467835780311374688,-1
-2464066637178479768,-1
-2463287915696782940,6200
-2462808202596307159,-1
-2452210942137571908,1024
-2451313038857922765,-1
-2433151351783542829,-1
-2433138337160350436,234
-2416484706498462064,34196
-2409392911549103232,966112
-2409319873879402663,-1
-2407391799370437752,-1
-2399911541157480341,-1
-2397677469954320025,-1
-2395174653929071075,-1
-2380429740050979686,-1
-2377315226596170883,38191
-2369887508409671299,-1
-2366760356880701703,-1
-2364318708332799684,681
-2350740868327913147,-1
-2348482222191062002,15
-2330251151004938986,-1
-2302384840299026608,-1
-2301777611319375614,1095
-2298489583824959486,-1
-2283838324329532943,-1
-2283012326003736183,-1
-2278782174238605994,-1
-2274567565248661322,-1
-2269896853882529134,-1
-2262862356022241365,564
-2257485580453788234,351
-2257129042851015662,-1
-2256612416383756015,-1
-2255892163186810615,-1
-2250609408699943018,-1
-2242885977674042672,-1
-2242663288197082024,88
-2242040328945218503,-1
-2235948801311729552,-1
-2233754913951914839,-1
-2230672419696205053,435
-2228404411858797120,76
-2227314658671416062,-1
-2226275011915567016,234
-2223695069404162904,-1
-2221986953322517085,60247
-2220640459634256268,9106
-2197376315901816747,2493
-2189495269199332594,-1
-2188430251503675661,-1
-2186640107259360085,900
-2182028649956443788,-1
-2181182097905153079,5238
-2171075887880112431,96
-2167887094346126947,-1
-2167393135617938692,15
-2163518978455138540,-1
-2162206770049434948,-1
-2155167035574540325,5140
-2145036808723845453,383
-2140937256850494069,-1
-2140378654758842670,-1
-2139794101219124700,-1
-2130031205242088222,-1
-2127574666598749023,-1
-2121991467036350950,-1
-2115744146474082958,15
-2099575998247125256,11
-2099017978262880164,-1
-2080888406256186786,2342
-2078278768229009610,26
-2076947100733236303,2458
-2051383197783766176,-1
-2047255243328056671,-1
-2042798562466289730,-1
-2040522959994079093,128
-2038517114526769475,-1
-2031092052879149751,-1
-2025564867204141315,-1
-2024659156140535553,-1
-2020442356996005172,-1
-2020326442562256768,-1
-2016871512964846299,-1
-2016181605766861854,-1
-2014773418125075108,121
-2011593414468646324,6986
-2007490260120581826,-1
-2004762199270691711,-1
-2002459764310773698,18
-2001377898714426515,-1
-1997356450613795110,-1
-1994414340293502113,-1
-1993696194222686975,-1
-1986786810165425728,-1
-1986063577511758903,-1
-1983232692529877627,-1
-1979637015920156593,-1
-1973740917081725055,58
-1965155815187014043,-1
-1961354862144532539,61
-1958343550142870968,-1
-1951632433827117983,65
-1947055747115908406,-1
-1934595193547596711,687
-1934296083817166193,68
-1932595844555143448,22
-1930520539580019700,801
-1926492199398183492,-1
-1925564730854694660,2533
-1920814926942269334,-1
-1916193977403782770,10776
-1911818511358281355,41
-1907298322754304886,-1
-1896008255752129324,176
-1888705248396149031,-1
-1879839732292066123,70
-1879554443079363019,-1
-1879114428308531576,-1
-1877843881502845246,-1
-1877796039284053370,-1
-1877375412390118020,366
-1874139754626560354,-1
-1872636981093643471,-1
-1853665387953750338,-1
-1853187753454347317,-1
-1839120857790034985,81
-1833614345315906387,-1
-1818091623197362046,-1
-1809210167419462977,-1
-1807118222941191948,-1
-1803867036423314283,-1
-1797071951208712358,-1
-1796887050309324768,-1
-1794225849869692677,325640
-1792781459746826035,-1
-1786896035033572185,-1
-1777043700096743863,-1
-1772577961306655973,466
-1759799013599860954,209
-1758145257896522616,-1
-1754546065649671361,359
-1738764197756841652,-1
-1735849779999961637,-1
-1734282714188885157,-1
-1730534441762768925,-1
-1723628765271298199,-1
-1722876417334821569,-1
-1719332717679367923,-1
-1718731526239412465,-1
-1718512417419801849,-1
-1709349206330425721,-1
-1708669852889712929,4210
-1706332458808332530,-1
-1704523868864405326,929
-1701324179398301656,-1
-1697919259298812403,-1
-1694166801117268888,-1
-1692783896226062075,500
-1686850770156570016,436
-1678663252659765020,-1
-1672778578194275064,566
-1669367964532428033,-1
-1662122612074791459,37
-1661913855238616817,-1
-1660462941986062706,-1
-1652377643123470356,-1
-1647037446770442501,802
-1642950299584460768,24
-1640077491195851130,268
-1639892664411563067,1
-1631840397813197625,-1
-1623234363026952984,368
-1611401368817001335,-1
-1601781016666818141,-1
-1599618651960013299,-1
-1587483720908265658,-1
-1583881193347458471,-1
-1578664459714856323,478
-1573340696719539110,-1
-1569545750735118118,175
-1564750699698563956,-1
-1562840010970288629,1375
-1550195948569810345,20479
-1548986420149050872,-1
-1536061374522577824,-1
-1531524167163368138,6775
-1526503616995179917,183
-1522758952015571917,857
-1520821778763291834,-1
-1504551127690897541,-1
-1503540042151040789,6592
-1498405725918783701,-1
-1497957133842453114,1260887
-1489322937675955449,-1
-1484379741161463721,-1
-1482819871659939421,91
-1480563597375051271,292
-1474954111276557985,2
-1474366105777591693,34
-1466270694033653957,260
-1455984445964218958,-1
-1455290490255593243,-1
-1450138759113694827,-1
-1439214821598509783,-1
-1436200201131522968,-1
-1431207946475636853,-1
-1429450813088055571,-1
-1426568183012763248,-1
-1421585942107436215,-1
-1414726675964616185,71
-1408311649179079449,6
-1406997743040478440,4166
-1401433262184931660,-1
-1393415137673659112,129
-1390217304589918921,-1
-1386937860247400623,27309
-1375774136830944724,-1
-1374612630367070975,-1
-1374209973289127365,-1
-1367431414312147361,-1
-1366589971693866249,-1
-1363153884100305547,-1
-1356838576193492195,-1
-1356622685321588905,-1
-1354233198138838849,-1
-1350901028315250534,-1
-1344554243447551902,-1
-1340535953026246845,-1
-1327346838600832182,472
-1326330635649570495,-1
-1324512434295356157,-1
-1319674228863431147,66
-1313960328056031359,-1
-1307650769082039574,-1
-1288839736959454306,-1
-1287589973644458819,-1
-1285489907854904348,-1
-1277826906175098212,806
-1277443913826127443,928
-1277393674084817565,2168
-1274763842923202793,485
-1271886179598307261,-1
-1268433088469514809,-1
-1265916904105263286,-1
-1253492702587364890,289
-1244185090287578861,2941
-1241398063267435581,-1
-1238695268770574458,32641
-1236276159001518537,1079
-1227025674928475032,-1
-1224226648851550511,-1
-1222266838067301453,-1
-1215508868126890515,-1
-1209394599486856986,71572
-1205236473781276202,-1
-1203626949173274311,85
-1188029942866632296,-1
-1186640760879251917,-1
-1177959027878418943,293
-1177862073612555914,2281
-1168221288994917375,-1
-1166898110457186659,-1
-1163977239490941522,-1
-1156122285024507424,-1
-1155833633290172285,-1
-1152021056646235144,-1
-1150411049863679716,1332
-1142669752817323224,-1
-1137016309190202293,1010
-1128933268566793100,-1
-1124411390008290434,-1
-1122242663167699165,-1
-1119526587431401516,84
-1117318713833000260,-1
-1116044522516025925,-1
-1114526236638515561,99
-1108743847226341473,-1
-1098442180249474170,1023
-1098256585400345031,-1
-1094214784015608351,796
-1076755076048445219,-1
-1074484994951647821,302
-1070735888585795552,-1
-1052299580446947555,-1
-1049388728001646525,-1
-1048951299837059704,1918
-1043694985841076387,-1
-1033311455354235845,1666
-1027609360999997051,524
-1026794465823563787,53
-1022193075487744282,-1
-1016831010457724335,-1
-1016266946633986717,-1
-1013322614975638690,-1
-1009913727062992299,-1
-1002455636415553141,-1
-1001735751105699317,2465
-991957987168227974,-1
-981561633476459548,-1
-977565834173675636,-1
-977548149419265996,-1
-972529340231399839,-1
-969786725196170598,-1
-961621587478224603,-1
-961423784679506035,-1
-958418814587252580,-1
-951624412226797490,-1
-940392032468141009,-1
-934712659185920193,-1
-931378207335761335,-1
-921127666071876271,-1
-906927427585480792,24
-896160823816959221,-1
-861217517460514536,-1
-857253211095813096,-1
-846558197519259789,-1
-843642189416913243,7255
-841116710963242803,-1
-835795187080219176,638
-827060526424347135,-1
-826046606418895480,-1
-817142537391470800,-1
-809803997362714171,-1
-808513674544528129,-1
-807663477583691326,97
-807634463017769947,-1
-802561668896743679,-1
-798867894557226588,503
-798406779910438878,1720
-791589686321429084,-1
-783067263399561819,-1
-780830193039075734,-1
-779912733986439084,6285
-777498404203362423,-1
-774189238475256547,747
-768447674339284999,-1
-761058956377656032,-1
-754209507673903492,-1
-753253991089304261,-1
-744054994997625426,-1
-737455091672718859,56
-736779584300520772,-1
-725626978571701778,180
-717723119918191642,77
-711790060171731502,-1
-709036011862378556,-1
-706742239308154693,-1
-698110462332309412,2739
-697495610114810739,-1
-695569010815969579,-1
-683848382984120622,-1
-657072137581477680,4341
-655808325973143769,-1
-648956268232839640,-1
-647525259354583256,-1
-647256917243244062,-1
-638276184583331334,-1
-631381622278693688,-1
-627874345205863311,280
-626718921785599058,12008
-602204634176515480,-1
-592445953920513863,-1
-581066814643731755,4770
-574042153558945582,14389
-565264086907111813,399
-564146645602406408,-1
-554040020321367782,207
-552023542804204186,146
-541398946389079158,-1
-537259864733503046,-1
-531863618325424111,69
-523297070356637319,-1
-522291003330931733,-1
-514903801205893614,-1
-509243959001820603,-1
-507411105657349475,-1
-496288720056608172,155
-496174598676062076,603
-493745178462958147,-1
-488094767359008304,33
-477639684503882671,-1
-468440814231621244,-1
-467292736604946605,-1
-467161864468733375,1041
-463035104449914907,-1
-460932441717665883,2942
-459722128908097090,-1
-455509822682688098,260
-454705934303312643,-1
-453181497389707435,1566
-451809611118588117,-1
-444349642179182628,-1
-439958591651357936,-1
-437777456294402549,9456
-435580335611000380,-1
-425397784560840069,-1
-422375035401399900,-1
-419193356092402909,-1
-418654685151250642,-1
-417404903802335018,-1
-411773439727411163,-1
-409511898599195808,-1
-407794965209198720,-1
-407035409761253772,970
-405011396249028306,1062
-403026866471262007,-1
-402759833251019192,3262
-393798162204809474,-1
-392716163238771051,64
-389196833397261184,-1
-385478482296856207,1537
-384910732414742523,16
-380041792043259176,2788
-378956939899607858,-1
-378431091158949540,40
-375540619056960163,226
-375400122567228994,221154
-374825989209594837,99208
-364920678801444466,-1
-364330774468446211,-1
-364027070192609082,26
-360149067709038290,-1
-354250251959246528,709
-352207484108844785,-1
-330132280495611627,-1
-328665055394785833,-1
-322237870439222980,161
-318289931048596146,1818
-309400438076484344,-1
-302951812064030584,335
-291777430004529704,-1
-280066238226575873,-1
-270317508805546745,648
-264922736089777310,338
-263940597538438476,-1
-260441138574876334,309
-260244756182971580,-1
-251300522052339459,-1
-243027139775339123,74921
-239411982736638868,635
-230980991328350631,-1
-220243570350584165,-1
-211213667744868493,300570
-208031677240316433,59
-193210143283434320,-1
-190955938455953521,-1
-186628612958964738,4711
-186168423902172695,-1
-185797074979783897,234
-176744656372777646,14254
-174959582428111153,-1
-171405142478132446,-1
-170700841132118468,-1
-169736473185452753,-1
-157194883948162945,-1
-157028255727051780,-1
-155663753340948485,92
-148871649430208824,-1
-144841528383243772,-1
-136370480536852937,-1
-132838410597664414,-1
-132031049238048636,164
-126537934965456265,-1
-126139970615591206,-1
-123787173659989586,-1
-120380203911145099,-1
-112533456272826194,-1
-95131968471840750,143952
-94929923224188858,-1
-89547941031741355,-1
-72746318026620992,-1
-71946637993270151,3071
-56284071936589680,-1
-48663274892269701,-1
-42362450566025817,-1
-41846858189444056,-1
-41153246801844576,-1
-34600459965797387,79
-29849782833502610,687
-28178076123089693,9
-27709868930719739,-1
-27620215448487360,-1
-22575129908154343,141
-16095904678778955,-1
-14790409292347290,-1
-7779216347304747,81
16654570426159414,-1
31062184045580729,-1
31897649286279786,-1
32472815284669104,-1
45203774523973479,-1
50030918049772830,-1
50181263042592490,1000
55448185071335933,110
57151140778872932,-1
64243019819801294,-1
66503296572151641,1701
66649772373235375,-1
68070625128841446,-1
71309620622690940,56
71832594184340860,-1
87353626340007624,-1
87408623279843387,-1
91520961070229727,-1
93786021869935342,-1
96109496634515906,-1
97563355032968424,896927
100645844992474550,-1
107075490701580026,-1
111355955458459039,-1
113139887397691858,-1
119650356970940572,-1
120565541243916499,134
121397185267877499,13749
132130722138374019,-1
132459083281014704,-1
133484403677023744,1478638
142007091393689828,-1
142984959117496544,-1
149363838495490431,-1
159468267021899093,77
159478940243536264,-1
160463851693584161,1712
163108909028605225,-1
165119165574842852,-1
179001919512089346,312
181123263011095838,-1
182297137108465072,-1
187191209363574422,35
187543004574175685,189
193211122806067855,-1
213237836698615196,-1
213557705620011731,-1
219397919903020917,1837
221482925492994536,-1
223783397603974740,-1
230833680321987378,-1
239917062200584149,-1
259459979793699921,-1
261374570929582149,-1
265250920364336028,-1
266089064417288227,-1
274768046328908000,-1
278616074692105862,1965
280749700870437972,-1
281783799221920238,-1
291373130456893244,53958
291778285155669545,-1
294915968722165951,-1
303399840375010747,19846
308670490139286024,-1
310344834392062680,0
327500002429042269,-1
331807953162735998,419
334061924105085969,-1
347752129145320466,-1
348246363094027856,24
349990251784886766,-1
351936378964356928,65657
368931696684655063,-1
371824838142361122,1029
385864207170190671,52
389212627843367810,-1
391424002799263297,-1
398135482188280783,-1
412651928506639439,-1
424186164447490807,283
429091988861920414,-1
437888005170733824,-1
441530993787294707,-1
442081211806699093,-1
442390024199252687,-1
446900283020440654,-1
455537271672919395,-1
456507407176807022,28
461686540924357691,-1
468664888264007263,-1
474463982445275058,-1
484215683450855782,311
486277910683680503,52329
487487486132595340,222
490296149973507829,-1
490694465827965744,73544
492531049633728544,-1
500333685614548689,-1
515506310610549874,339
515616121984325504,-1
516007439033547024,2237
518906961327573473,27
521863019708978000,-1
546738797571026816,1645
556378200304730407,-1
565611843860450048,7335
573754484419748157,-1
576946726590109201,-1
577996828899479872,-1
595834851294620226,-1
598429499428369453,-1
606356718640738041,-1
613532383231710587,-1
614585809974703901,-1
617073639996406625,535
617890521519961379,107820
621992250825066160,906
630380415862960646,366
633394229995949721,55
637120348241900817,-1
641462204554417514,-1
642258153357326073,511
679496613164012118,-1
682025695843831567,-1
682476846157691897,-1
685984257095177705,-1
686446588366247387,73
694144126800228303,-1
696151795094821207,613
696490848631793831,-1
701381383596290608,350
711316853737357200,-1
711410331408192678,2464
711610887808278984,-1
712354280758625437,-1
725265319932907109,206
725549591374480052,34
729499378728406628,-1
729586794965687692,60
733850115336995197,2156
735127901788805613,-1
739294732196020296,-1
742041770607345933,-1
742041967100572522,-1
742816253773594469,53
744376930866211008,88
750643564149221762,-1
750778946000232165,-1
751257663703485773,-1
752498578541323580,24336
758130741108338675,2158
769654668319953787,-1
776177500007700940,211
780210562789245608,59
784573565852982300,162158
786317530129274464,-1
790249864210677249,-1
804135521716573830,-1
817746024955749466,-1
821646506187436273,46674
824328079223591128,239
827363409952331639,111830
829898837798327177,634
831571451325879159,-1
832495414514224274,-1
833966987450761855,-1
836283519109857153,10455
836987041071454772,-1
843208705072350643,521
848862339181863979,-1
849174205690690131,-1
853426740573807365,-1
867063697111655023,178
874391252832829024,909
883638298899170580,-1
894195566072862811,-1
898407024234077846,27
900211803633089493,627
901393315971563851,-1
903708058255499203,697
903976411521986114,-1
906070683619117652,-1
920135077150903867,-1
929083937764622959,-1
935208669531743536,-1
938016779968175332,76
940394162845830141,-1
948601898190306992,-1
951267221171053070,61
953537721086772702,-1
968001673611878385,59530
970848077157446510,30
978305890050122776,-1
979639072105400448,-1
983310189350919680,1798
985760083617891174,-1
986852611738166379,-1
992884874881446716,529
993455163465694505,-1
994563749732480904,-1
999578328169557411,19
1000077131097589417,-1
1001865237610923333,-1
1005398805159965368,-1
1018564054039824829,-1
1020575026155327699,279
1022962689849591790,-1
1031416514198415476,-1
1038592750429617414,-1
1039276210607291857,5576
1047447243326949789,-1
1049464075145895197,-1
1058852370093766350,-1
1062017043502990153,-1
1065062836240985973,43
1072496215668913280,-1
1076399817119046243,-1
1080500555107735309,-1
1086003312186182610,19903
1090370633556372920,47
1107108884565827912,-1
1117582231134536870,407
1119896895095601127,-1
1120548765682020934,-1
1120551530240371861,57
1121634555778068217,-1
1127749018283538347,-1
1130888844234646385,-1
1134713626298874419,-1
1135115485699445537,-1
1136469284036716120,-1
1137720776877485714,2593
1142461897364724855,738
1143916729164753595,-1
1153889104950600985,-1
1161294113771560238,25
1163241652025163363,-1
1164241788090478682,33
1167459037554725815,-1
1171977039241613602,-1
1172972026122277702,-1
1175982116709754708,-1
1178401277451987837,18
1195097629071478434,-1
1197119312381604161,-1
1210415509360534015,100
1211351402332179436,-1
1219951088837263869,910
1224908190708345301,-1
1230034270948004094,-1
1230220123365763523,-1
1243177691542370356,-1
1245395747586131574,-1
1251481849748361497,1085
1265133310026922038,-1
1267340827441230943,406
1269840588918255469,22769
1275162743452474454,382
1276625658600072605,-1
1281409862515138578,-1
1288026218228035653,50
1296251089713260465,57797
1299574676989315264,101
1303950233332050622,-1
1307626711351663956,-1
1309517994923334634,-1
1310620675473839342,-1
1318150509921601581,-1
1319312171748169243,-1
1320303513815709660,110
1322730552549638169,-1
1326450164918249429,-1
1327732279589600001,-1
1332727087823595274,-1
1333531586898942375,-1
1335426866825595433,-1
1348948531249663100,-1
1354836851214433340,717506
1356750231983497077,-1
1361525243708576116,-1
1365086554457091350,75455
1366022219216101937,946
1367165672057100923,3721
1371672766905095994,-1
1373151971730025239,-1
1377007086852701436,47962
1378742597911334715,73
1381197899068067081,-1
1382968106961201191,-1
1383283025854602194,50766
1383714851422788270,-1
1392475208351736862,391
1402995498418176074,-1
1403215056797443586,-1
1408641619932491921,-1
1414706617833490532,-1
1423350006576768063,991
1426438586108514228,-1
1435235663336995532,-1
1437686694254574011,-1
1438468491071474669,-1
1438999255871956371,-1
1454693953868743305,-1
1456316092308813265,-1
1459040222316109780,-1
1467321821746550684,-1
1486155020521249625,-1
1488139957085122886,-1
1490960809086783173,777
1492561094785064459,-1
1502036739317432629,181
1513198960982039605,-1
1515059803060523946,597
1515849012443527255,-1
1517495201439409936,4396
1551504007423957142,-1
1553298009588544270,200
1554894136607814525,-1
1568706396647387903,77
1570458840151410238,-1
1572304889816843108,-1
1572521846427779922,-1
1572536590250966459,-1
1572596174289442070,-1
1573503305356298245,-1
1576802392716632180,-1
1578462560716017120,-1
1578665635200668886,156045
1584818848705650349,-1
1596714005195275283,-1
1604744122755869007,-1
1609223006674047690,-1
1619442514397114904,96
1619492989114435418,-1
1623985175065547577,-1
1625897554191251405,-1
1636557626585803647,485
1637071541194459135,-1
1650334237462859203,402
1651465638713848399,3095
1651522898992007434,-1
1654326912584407749,-1
1656387876964558996,-1
1660265568539754880,88
1660665483189610082,-1
1661708596100025256,39376
1664373963380740323,350
1683160876613877356,-1
1687306668472915763,-1
1687827178346279768,-1
1691438987451236965,-1
1696709447577616898,-1
1701738860727904916,1771
1701760862535123875,-1
1709873483554255165,3733
1712929896545021265,-1
1712976961456598613,-1
1714491853530239996,2701
1729393744782330811,128670
1741577513226505592,154
1743437309162050542,-1
1745892132796239370,-1
1749030075248812781,317
1750073363661160001,-1
1752331993456446764,-1
1755732157166683256,-1
1763930556449333247,-1
1765995797865039623,-1
1776140659458250694,-1
1776467289597632245,-1
1778101690478566813,-1
1778784690373232544,-1
1779244053598308404,-1
1782048379235579913,189489
1783417665893531453,-1
1783598147384371267,-1
1786747867353240525,1134
1791001353576208155,-1
1802536259248625369,-1
1805464497672757782,-1
1808001087765738820,-1
1808075926687222417,-1
1813284116293339701,-1
1814469519686793576,-1
1822759766866505704,-1
1825488783869917355,58
1830400235689149286,-1
1831452712692837480,-1
1833311973811368791,-1
1836968702142680404,297
1839108370594328132,-1
1847721194091324920,1102
1856071609484528753,-1
1862946542713790425,-1
1870422584516822048,37
1871113891534512708,680
1871983707533554584,-1
1874415382421213733,-1
1877763365628208313,-1
1877986975185368997,-1
1897473228729989890,-1
1902997530826783600,-1
1908099621251669822,-1
1908177957092612867,-1
1911907395948736985,263
1915164484340684081,-1
1922535185946995087,-1
1925450240664823840,-1
1930359312600690776,-1
1930634111985821176,160
1935148264116233441,-1
1952437498557033296,596
1959306383513960102,-1
1966596866267570695,3
1978365759797067287,33898
1981688437854040357,703
1984392984848444012,2427
1986463024201110843,-1
1988098014445765925,-1
1988494675856369765,464
1993470250494630236,-1
1997199111866181888,485
1998081674501869837,-1
2002368585319693066,-1
2010932947542577971,-1
2012371645441124782,-1
2018991420789089892,-1
2031520940666606637,34647
2033425738691820795,-1
2034929277048632380,-1
2039351604410122023,-1
2040691842363325986,-1
2044577786945419211,-1
2045806173390663973,-1
2047364014123830581,-1
2052217577467767689,-1
2053259473673195804,-1
2066797385516006218,-1
2080658202233614462,-1
2092178188741329899,-1
2093251691520322747,-1
2104326788646824004,-1
2108812004705642469,-1
2110849062037263701,68
2117942085265255203,-1
2123274840431601290,-1
2124527926333380412,-1
2128762189725250375,53
2134624123722062485,17267
2135427064366866626,534
2136158732179909684,-1
2138997189002612335,-1
2140868842555039087,2482
2149871063585237681,702
2150177950952257217,-1
2152316495214075387,113
2157286328802201673,127
2157361450256951785,-1
2159175170409706723,-1
2170249867560891214,-1
2170675540158666558,-1
2178556813022506567,-1
2181804589920973150,-1
2183156117492912565,-1
2187236558665325803,-1
2189037646862017505,841
2189875849878663892,787
2191051689274073044,2703
2191390420869128989,192
2195846224879262990,1175
2197097015161103791,1341
2210754107912870533,-1
2213767306512468555,-1
2216702290139527436,772
2225331605394760610,64
2240611024275391501,57
2243254385155694369,-1
2244630851127598286,45
2249574433449890245,40
2250455819882803606,-1
2252415772378279752,-1
2252911150134102335,-1
2265875348662524072,1840
2269688002729179229,-1
2271074052492449513,-1
2273022944302350839,-1
2273387739514583247,-1
2273969956242333240,407
2275113494571542220,-1
2275692111875743849,-1
2283926662677082113,-1
2297440754110594166,-1
2297475494790200106,-1
2303286159277489322,-1
2314337657842707480,-1
2314799442316007251,-1
2316376077066236437,-1
2323491295551074930,-1
2325558996872822240,432069
2331344054241262535,-1
2331678241031146039,-1
2342022713412270685,-1
2349048333558808558,217
2357042024066766681,3247
2363997305565899164,63775
2367429251194284899,-1
2369524264562521355,40
2373244460841963238,-1
2378889802905580899,438
2381507127738179548,4788
2392927322129810851,-1
2396343324247896288,706
2401170976158945765,-1
2405487073286426514,-1
2410610093199561881,-1
2414265944876025466,817
2420614347673122175,626
2426663771931875686,1873
2427487065484371212,-1
2430571273028945335,-1
2434588147789894811,-1
2438419931966339602,-1
2442120450714235191,-1
2447039321847130122,-1
2448622728489359151,253
2454139758451916812,-1
2457911268635303388,497
2460882761226940985,-1
2469128025000492778,942
2472338594974904359,-1
2474911420682125527,-1
2484222099989820011,-1
2494775796179956636,67
2497123536377084444,12141
2505014868953025234,-1
2512666208414549642,-1
2514783692895037608,-1
2515703637915251793,45678
2517374224789951889,-1
2527076848920568392,-1
2527147561937132544,-1
2535266510193938410,-1
2549835229887997681,-1
2558924534505323948,22
2561122387317300702,-1
2567156859176518088,-1
2580271409561894571,-1
2582290000732444835,-1
2582824636848185745,-1
2586919732454014189,-1
2605042092810685219,21
2610998515319574987,-1
2618352404937190607,-1
2623187387985232215,63
2623809233475481552,505
2630335541433728234,1728
2631091878784673295,-1
2633880932100542208,-1
2636406830907959938,-1
2643081690907579928,9
2648349508473274079,-1
2650861040160359828,41
2657074969146039974,-1
2668430708149265709,736
2671243183686710842,-1
2677743045712469284,1579
2685425820163362007,2216
2688494249772920198,-1
2689322335145334186,-1
2691385168423151536,-1
2706768803283543468,7352
2707652928685375014,-1
2709267773464849295,1132
2713126345057966282,175
2726924308843587485,-1
2730313396751437493,-1
2734968758327234809,-1
2741967785274117962,-1
2742460051790381039,-1
2747648256421803361,-1
2747912121712641386,-1
2752743573021112521,478
2757994320102776829,-1
2760106447808375714,-1
2765513880005951763,484
2767682021988659052,-1
2771680126638961381,117
2774917506261421097,4285
2775529491090300142,-1
2778461910174378679,37562
2780133776869583119,-1
2781069966411916026,33399
2785377455105006532,-1
2794401365786327685,-1
2794915816801324151,1827
2805796672280499201,8
2807493845542152905,-1
2818264818986153817,497
2819292600902256555,-1
2829985083146647864,133
2831504276377496984,-1
2833563127273462859,-1
2833624338828512194,48115
2834588084837011474,-1
2849054142012690469,-1
2852978846103992708,-1
2855607117674903280,-1
2858287657921417818,-1
2858362627265484256,9817
2865225930920012405,979
2868269591051186692,115
2872251846481865953,-1
2873412672416223986,15430
2873673241460911497,-1
2876828975921828372,-1
2879049948965701536,108
2882774313644483373,-1
2884294712458328394,-1
2888168008291083985,-1
2889047939827984803,-1
2893194170973043437,5599
2901589665237202891,-1
2902058463169971777,-1
2904265239243218659,2638
2906332988975225558,-1
2906822310128433790,96
2910264314308179834,161006
2912162802094052194,-1
2914180221953013286,-1
2914282402367202828,-1
2916701967319039819,142
2918725616981352008,-1
2919620504075576905,-1
2930920330805159593,-1
2931692695838388765,-1
2932560681450422828,-1
2947912798964824780,-1
2955769769817494739,-1
2960726087411671993,41
2962739248347289303,-1
2965326832571124238,-1
2970195318828422116,140
2973418151071547557,-1
2976722645803213316,343
2977847371195509508,-1
2986333285065936664,-1
2988185942520183858,-1
2993066264125871173,-1
2996059152517531281,-1
3002323675124080607,-1
3003878394931390870,-1
3003909949111719868,-1
3009282022579458702,1809
3012541588764444204,-1
3015686620279665150,506
3023640447783000937,97
3034008679669765506,60
3043947348562616179,3422
3044177033879296462,1096
3045029079273816168,-1
3055022927004044004,140
3062037194796101090,-1
3063646505829383692,80
3065087255687414305,294
3069834277528625133,108
3070195016232956773,-1
3072161309228011209,-1
3077499593880721960,1629101
3081788142899521414,519
3084575664744715482,278
3089273440536162288,-1
3089921376388392024,462
3092576455967081700,582
3094638725207392505,-1
3103426854181697499,-1
3107278287579204558,-1
3109157272056789462,-1
3124624971970565316,-1
3129282315223172473,-1
3135438672734557899,2856
3137499102329591470,-1
3137840499476881552,962
3142218083431982550,66
3143248455068085908,-1
3144405405835642627,-1
3146295536973539115,-1
3149739776456855476,353
3153066920281211674,-1
3156122924253662083,-1
3160635932922446948,-1
3168909393892121268,-1
3171461427024588597,-1
3173312738372138156,-1
3173470148338322870,1917
3175637065958208477,-1
3175669049414991440,-1
3176004407810193913,-1
3189585495664055437,523
3193506055007879673,-1
3201210551791881860,-1
3205115238739588547,2522
3210857072202212189,-1
3227871850661712348,-1
3234775925114057525,-1
3236659143692691612,-1
3244643153364485524,1605
3245441900977116782,707
3246427834563056586,-1
3248391961387987993,1546
3249810626876552539,-1
3252550679584375569,248
3261213814851378272,-1
3264961628657280110,-1
3265150360696259638,-1
3266446243817622019,-1
3268732363314079413,-1
3279558967845062111,149
3283224397083948024,-1
3285414629935937295,1520
3288161768282294241,-1
3288665233253249435,1389
3299878440627471086,24585
3305161820492537928,-1
3310095523795794983,-1
3311346044635770264,-1
3318317313137079413,-1
3322225597065963776,-1
3325284315120960916,-1
3328972349195126894,145
3330049454522697604,-1
3335500076545941128,-1
3339391246341372749,-1
3346389740586806395,29
3357618187052575546,130
3359699054890117700,260
3370138350496094476,-1
3375740920164076993,-1
3376820508412086740,-1
3380910345224994927,-1
3383388442409985761,-1
3384494447295140836,-1
3388050801450108685,-1
3392147707388368805,-1
3397648460263459581,423
3403850968061699733,-1
3406134941695288017,46833
3408525029612476932,-1
3411146111505042006,-1
3412893684738097536,1
3421870808100562147,-1
3433505167118324360,-1
3436647156993532377,1166
3437330730821910684,2510
3438662500114189873,335
3439836439426054246,-1
3445075832845027136,-1
3445671725798113808,-1
3455143336455632856,2734
3456516483569586063,-1
3466723252949481224,-1
3471489015143118672,-1
3476331126509418250,273
3479259705042931772,-1
3483016693746919903,1058
3484126454166352458,2161
3491837124351914491,44
3496024265253541427,-1
3496117236894794461,80
3513334760236301768,-1
3515352781352340735,1254
3519943461800295037,217
3533845840388678100,-1
3533937657310331329,-1
3537425903019769173,-1
3538423449823622878,-1
3538982717000136140,34
3539271092910061561,-1
3540234420039906970,-1
3545484521766575988,4070
3547041457334204462,-1
3552699815707621453,-1
3563255222672503352,-1
3573819595730681321,-1
3578589735239826648,-1
3579457485841796461,1129
3580251853791358543,3068
3585418537064597118,-1
3586734290811566975,34718
3591932275156277203,528
3592255985122781300,-1
3592763027004478870,-1
3593718235123610783,-1
3601946881628001631,-1
3610992974276313137,-1
3614783210401319724,-1
3618497436386656156,-1
3618936558586841699,61801
3620886886511762573,-1
3624570903272448308,-1
3626537976080050749,1096
3627434122262431607,-1
3630141806962599365,52
3642797849748897769,695
3649562549263927146,-1
3649848955502710576,378
3663928729072819139,387
3665165506413878844,-1
3674608229343341433,-1
3676910759507020090,7
3677641297637853485,-1
3679615104199691605,-1
3680700986576659087,892
3682253867797226509,10
3683083101083123594,-1
3683760529254904338,818
3688554255252758179,19
3694207941930462994,-1
3694726308012002869,-1
3702233067990525791,-1
3707247552509799931,1255
3710538028893352238,-1
3716337893449719330,874
3719334706977929076,-1
3719980161348035641,992
3722437679133919942,3080
3723027431545992577,-1
3724515142426882210,34266
3729187728346233923,-1
3729826550795528998,-1
3733207924065978073,-1
3738546885104855825,2342
3739725239321199302,-1
3742878083290969174,-1
3742922838394679269,309
3747495213483348253,-1
3751310408542049544,-1
3751880921231054258,-1
3753933734764404961,-1
3756119226411088754,-1
3765831536908238830,-1
3776719688558244835,27704
3780435296412201736,-1
3782070791255299922,-1
3787539863470184191,-1
3793619867476584883,-1
3795287933164077485,-1
3804177518824013113,15915
3806777978462407873,171
3814387727761669301,-1
3815780767863315042,-1
3818648802705335342,-1
3820270740754582914,-1
3825270937229987950,40
3830818100755826143,865
3833311371794937569,-1
3835770512835396082,-1
3837850472154554689,-1
3840578978336405324,150
3844828682566772149,225
3848458869548456979,-1
3849514302625170538,-1
3857315996528906986,-1
3858161678974109421,-1
3860853196918103080,-1
3861817419397272052,-1
3863563534697737582,1494
3866173462957223741,-1
3868920322341559005,-1
3873342507335015333,534
3876503498900694125,-1
3880956255347141731,-1
3881192981962626027,-1
3884000102301240020,-1
3884966922762719944,652
3885655446586867643,-1
3890516049902426128,-1
3893043078160174827,-1
3897878105265314942,-1
3901301861990614250,-1
3904267544526335328,-1
3905322330088383511,6238
3908650819915568021,-1
3912885067979921968,457
3944108000268406085,-1
3945018467274679186,222
3945118548952112188,-1
3947881826184422946,-1
3949560408629868560,-1
3953844922311858367,-1
3958682648831078107,-1
3963966806628854562,-1
3972104989264825735,90
3980105180412200126,207
3980336317827977985,-1
3983448540096113074,-1
3985343724856307541,81571
3988453714239789499,64
4027728977174675026,-1
4036187698168754720,-1
4037799581023353558,-1
4046955370809756476,8958
4050844530343372269,17
4053004391009627893,793
4056436017351361461,88
4056603824114703076,-1
4067624709350229020,-1
4069845348154747462,-1
4070963847720616975,-1
4073782625158723790,1562
4080452397193111989,-1
4087109320616083484,55
4096912379889047417,-1
4103031287036559264,-1
4113146508330107161,753
4131412645889199272,-1
4132513727992395993,-1
4148074374884833999,479
4152491799990910359,-1
4159815249828181341,-1
4167777774557552042,-1
4187272802498838605,-1
4191084272233737769,77443
4194207156525992993,-1
4210024852572057791,456
4222077390633522546,35680
4226533456529424185,-1
4228334194936089628,173
4228592897792397724,-1
4230586216711899632,-1
4232504756204568254,-1
4232600581911051894,-1
4242400782487960408,-1
4243555241355873326,-1
4247874542740771707,-1
4248280433855053773,-1
4251218031410593388,4975
4252126507676252854,80
4257468982102391423,39
4260316570872803217,-1
4262503361322431595,493
4263511009210469774,-1
4266312768118903458,-1
4267142205127947481,447
4270207325102669961,-1
4275031655877083799,27269
4275639530553909280,-1
4282080790892594707,-1
4287566272794925443,-1
4294971625185505081,-1
4317333085783787630,-1
4327301729188071072,141
4335560137765732548,5165
4337544907048954659,-1
4338429460691661311,-1
4338711571559472008,-1
4344649941219871516,95
4349357332412013593,27832
4350975528509911041,-1
4358819834339338295,281
4363634279922869775,-1
4363743695228480457,-1
4367985836920510645,734
4373945024579588503,-1
4374629113524578117,-1
4379602568020068766,-1
4392688390840624792,-1
4403271787080074262,-1
4403756379965942903,-1
4411744594503504094,-1
4419849925544660985,-1
4421360599384165140,89
4425128965514211014,-1
4432963513759917397,-1
4457348974990125705,-1
4474560545907979144,-1
4485039369169343468,244
4487616203236510579,-1
4491708289105931757,-1
4499658276510218367,-1
4500332690039898600,-1
4506368489449236736,-1
4517660994541217521,-1
4520112986332130794,90
4520866843240035800,-1
4529004648174408605,-1
4531787268834647171,-1
4533760637896418855,-1
4543464180722380266,1905
4546309744303897376,-1
4564886345913521205,-1
4565450041538277051,608
4571558184900021967,-1
4576411980227547334,-1
4577008815874601663,197
4578773631806279655,19972
4579441933782425988,53767
4579443690484893316,-1
4587567388416743538,-1
4589005217508159437,19025
4590636384356382993,-1
4594155840834690955,-1
4598127771107564252,-1
4601855163341284273,-1
4607646222026544858,-1
4616613134971495966,-1
4617068311053307473,-1
4623854594694986472,1540
4629334688131866459,265
4632807661017857275,60
4641240282598628104,959
4642162240413078767,-1
4647301536833220492,-1
4648954436445959124,-1
4651675003845011243,-1
4652526329055350129,991
4655828431797177463,-1
4656824086774850884,-1
4683364067600426044,5165
4684886441469575628,-1
4691226825738726311,111
4700745483454724451,-1
4702178408024851234,-1
4708939644638555120,-1
4711466970524349861,174
4723728254294424960,-1
4726327753097847040,-1
4726509067730148548,-1
4742690188660403895,-1
4745920599458595242,552
4750728299138132246,-1
4750877681308693435,183
4755851867119676218,-1
4756712695263531503,-1
4767036302445173073,1483
4768577441327932080,42
4775225997015690762,97070
4777534693016211112,-1
4781658211154006354,90
4784407065587145282,1329
4786052067531890240,-1
4787144565395942650,-1
4789676386266482475,530
4793197395116912603,126732
4795669921755960190,3260
4797444163821602494,-1
4801059140825499056,-1
4802265362607385389,-1
4802301595856119469,117
4808550453039677141,405
4819261537723407764,-1
4821383629106366704,-1
4822831994031180693,-1
4824188255548382504,-1
4824372916624614058,-1
4826541957756873912,-1
4827792392094784683,-1
4833322779551940797,383
4847545587391832673,3
4858214246866558142,-1
4858305495872905234,-1
4858454483733499927,158
4858685206364799537,2237
4859498816077777518,41
4860766387926242573,-1
4861000239306087056,-1
4877681338027364606,-1
4878989157714371013,-1
4884640539461423870,27
4885636270724102593,-1
4896344635248828770,-1
4907674105713344556,-1
4907799526526688873,28
4908652113108867935,-1
4921569210254862250,-1
4929731243362567134,-1
4930987495480716113,5300
4933350527286527413,-1
4938526814499515125,-1
4939391310502250551,1320
4941220053954038827,-1
4955602958927550174,18
4961690653216634813,566
4964401790904220426,77
4979287749206724133,176
4979911706331783053,84
4981172447684525084,-1
4981961989970337889,-1
4990900518998161612,-1
5004259904715593238,1365
5005206518907562126,-1
5023545005899182345,-1
5027193781757423226,-1
5027447176460105874,-1
5028037796264585898,36
5030550330580491419,-1
5032961532557788897,-1
5035023726869342401,-1
5043484399945575630,1013
5048188522966705677,911
5048977448119815492,-1
5050146004305888655,-1
5050894823846666359,1388
5051740938373071787,-1
5059173976715276256,-1
5062607548806462491,-1
5064411453284296664,-1
5066037133541769840,15226
5073055342336976191,-1
5079645268086930724,2451
5083130494255391623,61
5093472520734029234,-1
5093601771383509602,41549
5093672601212322207,-1
5097317657696309765,156962
5105835110176584638,519
5107607339583944894,4820
5114309415541681369,-1
5115699988729073229,-1
5119947691298589045,61
5122726081330768720,-1
5133716815297956417,-1
5136870582281276674,-1
5141996477296822851,-1
5152572192838909333,59636
5153279278571533627,1891
5155390890625963580,-1
5157647433465769371,152
5163316790677682599,-1
5166195051788009858,-1
5171464273098861492,-1
5184580027989326805,-1
5185069670176095830,-1
5193649916471377336,-1
5193895853941055747,-1
5194250165310333099,-1
5208237502301439821,1052
5209688228205158640,-1
5210568001641686824,-1
5212936959430979307,-1
5221518916544755635,-1
5225068877428925750,-1
5227589479119312433,521
5229989789871045480,6819
5235321234347410496,-1
5241567403873765693,-1
5243179910441965195,-1
5253865436418215882,-1
5257228706936935542,-1
5257536519676405603,-1
5259459356483154346,-1
5263606508756747428,705
5267317098722174174,728
5270398634886505394,14757
5271292818595674266,-1
5271744628136143799,-1
5275007976756745446,-1
5276028621792627615,114
5276434127104404705,-1
5282968467665301920,121
5296002961711113110,2660
5302394869003386977,37
5304857583225476837,-1
5309464815561150564,-1
5316074555602078079,60
5319051051504460522,1083
5321784049344101785,-1
5328901119374871608,-1
5332916085365960184,-1
5338275981962662461,-1
5339534584261680088,-1
5341248875130536444,6347
5348474587942552041,-1
5349764195659773594,32420
5349986459493219452,-1
5352822945434332204,-1
5356008294075523808,-1
5360461909511025643,-1
5363864249741286938,-1
5370824180411552183,-1
5371071272903524775,-1
5378018466645121458,-1
5382321074822201829,-1
5391016310243335092,92
5394006807096895509,1269319
5402338116143808925,731
5408632398440195150,396
5409994109897570040,14789
5412097063076585181,-1
5414793896981129480,1489
5415401948639953768,99
5415541470271020480,-1
5422335789554445569,1115
5441634248687008897,-1
5447526499534103269,-1
5459906142849979612,858
5477971351845297998,-1
5483866332759396784,-1
5486728478109690961,-1
5489018806329370499,6954
5489233328298800405,-1
5490841004227537383,-1
5495550378487097209,3264
5503747947121658036,-1
5509221856577162759,-1
5510629234087979273,-1
5512166493003022806,18263
5512297939957739143,-1
5519642026493308971,11
5520846990940620256,46
5521966783624607087,-1
5525324810592105080,-1
5546424075029774316,1
5555464605022746875,1158
5558977242685744571,-1
5562637936002032350,-1
5566225884175953849,266
5575180148383322692,-1
5578186451068915433,-1
5584302946983267662,-1
5584999723806809222,119066
5588887072277982230,40
5595549178634254076,57
5600657392881571703,-1
5601738320583246660,2702
5606047873052681244,-1
5607015098134257957,17937
5609742955922138227,-1
5611942943560541131,-1
5625599077190713011,-1
5627186320321405165,210
5627425481148199490,-1
5630527122093943277,-1
5637834292556153546,-1
5646963347825684446,-1
5659166466030382721,36
5672331779011349485,-1
5675405990453992663,3528
5681443234530207531,-1
5683206989316185557,-1
5684651075930720369,-1
5685547029715111909,-1
5686051814262072047,10455
5686989789796325824,-1
5707458096628564710,-1
5712226176689990015,-1
5713290395812604520,-1
5715739908800284068,3661
5716141789868064684,2
5719646964667722475,-1
5723556710614410475,-1
5725741847172859920,-1
5727480675642904201,-1
5735944110737008569,-1
5737826467964133796,-1
5740022088219396467,-1
5741320413659488693,-1
5749662943420339254,-1
5750622909260466583,448
5754561400948676157,765
5762997104054436171,-1
5763708251260190868,699
5764218299355867947,15584
5764680703709221794,152
5766636914387520769,-1
5767152785924826407,-1
5767566448414913621,-1
5768434413988653225,65
5777245699375938072,-1
5780704181286707932,1216
5781352710704064294,6036
5785633415309085364,-1
5796897309322988821,-1
5799266541987673293,-1
5799692726398613428,-1
5813121363055035918,-1
5814072889026315043,-1
5817723844928234923,-1
5822535121998695272,-1
5824664098520074544,-1
5824763599698007809,-1
5825680445757688179,-1
5831471924120669514,-1
5833020265504261274,39
5833427504344930811,1321
5834937940358717455,-1
5836534510724235653,-1
5863836237616316620,-1
5869088495975942754,-1
5878319760029490465,-1
5886742505100680843,-1
5902642932904952351,-1
5912819754487071236,-1
5915317264275758290,2532
5915551236261828492,-1
5918013583485854728,-1
5932313078043479201,-1
5935220835533873011,2655
5935327539224373054,1153
5948905963885193395,1791
5954071610239532492,15
5959453168130367778,144
5963492408373035469,1007
5971100246032602997,-1
5974123706900400762,269
5977744216998833983,-1
5979659297672667393,1753
5985231646181733941,614
5986814048797798025,-1
5987976162401366571,-1
5988222872365537243,1859
5993176943812872421,154509
5994973874799675806,331
5996843906298702948,-1
6002457919680563550,-1
6005549816645612322,-1
6006735111709650745,-1
6016231462746852509,-1
6018370626859714643,-1
6022801762357686773,28
6024169589588387154,-1
6024777852827769554,145737
6029560858799024509,296
6040534665721122338,-1
6041592012921327806,-1
6061836574312367796,-1
6090513521473910363,-1
6091541483100177514,-1
6093272889851608050,-1
6096852850615623214,-1
6100217756331312924,-1
6103503606765737682,-1
6110507378547872872,-1
6119342362212396965,-1
6125370559939699028,9
6132283207204483500,16
6133966825050432435,-1
6138443779007071092,-1
6138476629571584612,-1
6141038809983665947,-1
6143155418625980974,-1
6146404138576459810,-1
6153425897387991608,-1
6158918157688547296,9379
6162714499442348006,-1
6165932618164355209,192
6168899930020929943,357
6173175346913047861,4197
6178350187640320801,-1
6181947348360306505,-1
6185666113416125555,-1
6192920735373889561,-1
6193568171963035707,802
6208342252216294485,-1
6214636192945885422,-1
6218407154857336681,6455
6219162876608070997,-1
6219642371793907029,-1
6223393517838815742,-1
6224575263959644595,-1
6224724561667131987,35
6232861700844937311,37
6235291308192653917,-1
6236484704907401836,-1
6256882742772467432,-1
6257807511275361294,16277
6258500878335471750,652
6261204568339580560,-1
6285522243829276576,-1
6298205064501904426,81
6308084723366409180,-1
6312842389580143893,-1
6313125165288082469,-1
6318395821687437058,-1
6321843126597491384,-1
6322147847246908416,1137
6326912228484332237,-1
6327655665919777390,248
6330230860493382209,-1
6331948884382427319,-1
6332658586337974930,-1
6336700767238515207,-1
6339587369812650514,-1
6342740793733987689,-1
6346872948559248952,-1
6351502471430446609,-1
6354693092296602715,-1
6356300107595601606,-1
6363486721217826192,-1
6385094668830316049,753
6393578856078200467,-1
6399486645605440070,-1
6404441147173599608,-1
6405535391777471110,-1
6405582300653448666,-1
6406687093481815100,459
6421928116519984050,1372
6425501719891575171,275
6427884153110982160,-1
6428204263419976412,3487
6434119332439264965,-1
6435033323751737979,47
6446957882844925333,396
6448237487257196994,105
6448446476914014373,-1
6459433161009981196,-1
6461629016981987840,-1
6463995181029031066,-1
6469283809824885678,-1
6469319130348765367,187
6470707121978207432,-1
6482398786461502205,-1
6484757191541417199,166
6491387631482781069,-1
6495693318521573930,-1
6499938216027363531,-1
6500448560132259116,-1
6501704623980922639,-1
6507323124635381405,194
6510821412460331161,589
6535670822622608476,-1
6537269715976080400,146
6537611023014516354,10616
6546860562118784675,-1
6548089005251022721,-1
6549159506582816465,308
6554579982081088572,-1
6556979778455158224,228
6559688757843321935,-1
6571143548124003541,-1
6572233211057042761,-1
6575434512005546499,-1
6583805625021349570,-1
6585645237729469537,91
6597886513103858324,-1
6601220253376298921,2728
6602614339649685830,-1
6605607790456618966,-1
6605772872932979179,-1
6615697878101542009,-1
6617816257864801181,1119
6621045587928674345,130
6623318409282897700,-1
6625943547064096138,-1
6635109450138580246,-1
6635503696096744716,-1
6638259353397384469,21166
6641280641509945134,-1
6643180623667427372,-1
6643999983725375808,1134
6645328840499518359,374
6653761237085169119,1794
6657565615784520895,-1
6664943971936123820,-1
6675496366364443703,44227
6680995322839418298,1140
6691134310470201324,-1
6691144688340972492,-1
6692402988351595110,52
6692473004789253821,838
6702184111161623244,-1
6705319181526891750,976321
6708160042551726506,-1
6708489007676027492,1434
6711048620715115737,-1
6712360965482469742,1948704
6714853851152194273,1280
6717935475117792038,-1
6718045382947982040,-1
6726999686835157502,44
6734022186921608983,-1
6742880385117309783,-1
6746964425500559483,-1
6759870602810209545,-1
6772666700518660179,-1
6773973988998547612,-1
6777610120070546247,-1
6778820284008859464,-1
6783365461083873197,-1
6786694825717435412,-1
6795721198647569357,6
6798249767815881974,-1
6801288218138687547,409
6811818334552164049,-1
6812625117989178249,20560
6813164011035071579,-1
6825134633094484266,-1
6840638161169227782,-1
6846312458893742676,3192
6864855905077307427,-1
6867354172681148070,-1
6873016920722114551,-1
6875167487069416099,-1
6875176456829601390,-1
6886270268728180623,-1
6890612151076045084,226
6891094195064400571,8
6898702522398035444,142
6899199964927676973,-1
6918125593257131604,-1
6930528981834440327,-1
6934313671855111863,-1
6945555663815995267,321
6963121362380726939,-1
6974946928892308937,-1
6977366360622416989,-1
6978092743851668201,529
6989516222243250449,-1
7010789864829920929,24
7019389756308256696,-1
7021613274512170106,-1
7022902391027034279,551
7026834796804993396,-1
7028460843467812801,93260
7028807129098098633,41
7028845377167320883,217
7032558405164876120,1803
7033173291944615462,-1
7033190237050635702,80
7042037677779813328,382993
7043700711470122972,-1
7047391428194037710,-1
7056957437454053995,-1
7064395174109158993,148
7067714156265731464,-1
7068325021183625463,-1
7070100639430716033,-1
7075018306255796672,686
7075338260627949689,17129
7081966427153062232,-1
7085796616859484751,64494
7085951803984119028,-1
7086304439365552086,-1
7097064821933582733,-1
7097279573580724948,-1
7100225138955817810,131
7105110593846361539,-1
7121456255051735279,-1
7130764701733437581,-1
7144829732958273021,-1
7169360827815704343,37821
7195330557339366114,80
7204198350275026026,-1
7210594262970044898,-1
7212974127433704979,-1
7214188742862324181,-1
7216868201213797284,-1
7218290155394253114,2020
7227199248947252633,383
7227798230466787598,379
7230192713289577245,-1
7236786001989311806,-1
7241688008202879757,-1
7241967966776119477,-1
7251619004379332303,-1
7252112307839764817,-1
7254585473452578316,-1
7261226630037913184,297
7267443430466028318,536
7269862366291266368,112
7277845894031229058,-1
7295466705739760491,-1
7296751644856956503,-1
7300382150142820687,-1
7311415986144905394,-1
7316587739761032395,78
7318999104894716159,-1
7322119749676551523,1637
7324452162387223369,-1
7325399759233064237,848
7334369048141123729,798
7335570454066813918,11293
7336936495727177539,52375
7344785036354312932,-1
7347293573421854677,-1
7358583856640850530,-1
7360421185172817847,38467
7362271114982802216,123
7371106741794415376,-1
7372580288033649225,-1
7381710461590472185,45725
7386624436687397883,-1
7389902591366010822,-1
7390133454936250083,-1
7390560039033615223,20
7393216047621791804,-1
7394504410474988578,-1
7403210720173911249,-1
7404295776634513023,8576
7406207468960550622,-1
7406855933314697895,-1
7407927469131492061,66
7412063900227556572,-1
7415574529528610403,4233
7416287250876893659,1237484
7418922518356982191,-1
7433078901689221456,-1
7435752673486478146,-1
7436835475477466634,-1
7438524155200355113,-1
7442228590261085669,630
7444326762492447418,-1
7448526531855836081,-1
7453615317760685666,-1
7459543432853297592,-1
7464226952762460274,-1
7467093620274746046,-1
7473315249663036816,-1
7474375207516574877,-1
7481318970570288489,-1
7485231058615929006,834
7500911244866071336,867
7518122728623103451,-1
7520035551217930730,1320
7522343259437531446,1856
7527105477485298427,6670
7528086893273670043,-1
7534137667145204919,717
7540450193746864194,-1
7542933710127181236,-1
7545713909795925762,-1
7554357397431140285,-1
7558656046905787811,76
7563606502675984690,-1
7563991882010600005,-1
7566038285385603430,-1
7582071571171443496,-1
7582231215554349587,-1
7585339857807209820,-1
7589716181576763247,103
7592801582737971679,-1
7595294149010354971,-1
7600893292140107100,-1
7601196517148720650,980
7612153295253309538,-1
7612165727391501182,632028
7613988779372711633,232
7614922475261948443,-1
7617051690960384010,-1
7619392447483785914,166
7625103951954112236,-1
7642118740563074369,-1
7653416267000545039,-1
7656438385508039831,8350
7658520915108154294,1348
7663901411577214503,-1
7669882438604567117,-1
7676956574370133179,518
7677844474869059339,1206516
7683557180371870992,-1
7684126223589304136,897
7685594131227882915,-1
7694498756806342981,17189
7698320432357191916,-1
7709283624224887561,-1
7722799832366556008,-1
7738857438238848436,-1
7739174799686697116,-1
7739566224661892273,34630
7740776622996720960,58
7740957449649370191,-1
7748109305711095090,-1
7749194130817481313,-1
7760598330809428282,-1
7768503095139181047,39576
7770483699306301508,1179
7783759188893158181,96
7790213360618642510,536
7799125524890631678,405
7804719863657050879,-1
7805189619163366267,-1
7812067042667369171,146
7812704205479773486,-1
7813041044580070321,-1
7813739624221112431,-1
7814860402905924190,-1
7822510517256046115,-1
7826544975219227489,115541
7832541036006539606,22590
7836613514609232478,801
7839593355454634743,-1
7845544829296593277,-1
7847112711471691281,-1
7850070780078839177,-1
7864590047636314070,-1
7864959567905972426,-1
7875326549198297105,901
7875804447565572656,-1
7876501754687137772,-1
7877772761522167802,-1
7883215435621508374,22372
7898091172459195849,-1
7901243815731499696,-1
7901326923721476612,-1
7905892123387188330,-1
7915204652343745580,-1
7917687742092420943,-1
7923891371903715204,807
7924613958461081724,-1
7929885239639048330,-1
7939672519730582726,12
7941225353170209837,-1
7942309226154914898,-1
7945200972526480005,-1
7947179830787127761,-1
7954602860228386876,-1
7956247138332981233,2279
7961119633751324551,-1
7968145811980852572,-1
7968899825043540178,-1
7970632037873178449,-1
7973320469247845640,-1
7973393813887739662,-1
7978127163167479911,-1
7979192832101730603,198
7983913735987084679,-1
7994130216822626506,-1
8008363778960743713,-1
8012923133650822773,-1
8022353567471828044,-1
8024095473938153709,-1
8028858108619325923,-1
8030092176738119422,-1
8033880659968178289,5727
8034706013762894595,-1
8047025961771999718,8662
8047477011252870316,-1
8049535816247055946,-1
8050533706436668956,557
8061852078499865413,-1
8065974186327162899,-1
8071853043981043059,-1
8084318996463181239,111
8084523792977888044,-1
8091140092495256347,-1
8091409854835093190,1981
8095538512090439162,986
8099945957471781936,2351
8110483512212495020,-1
8111314397844714963,800
8116098816423934762,89
8119892937453824870,-1
8121312099277837057,-1
8132090710475832986,-1
8137182150643269954,-1
8142019408970950619,-1
8142490625002287972,517
8144131398848105776,-1
8148657902339889505,351
8158946715186281197,-1
8160701878560743821,-1
8162435760282223980,-1
8171562162645389301,-1
8173854445100598497,-1
8196264717564122543,25
8222174179766392461,-1
8227091978677451807,2608
8234245595011072000,-1
8240910686065493355,397
8253853609483534797,-1
8256288554921324273,-1
8257217103814526636,-1
8258539041537699423,-1
8264220862873222483,34700
8265801093253517263,82
8266431886142955532,418
8273021368145138460,313
8273191757867261091,-1
8277293523860764232,-1
8279512393784343179,4545
8279868938330524949,317
8282394158147738344,-1
8285099237697270423,-1
8289801190688010747,-1
8293115122060941557,89
8295094464586676113,721564
8295690365272851845,-1
8314515147544028565,-1
8324168735726574248,-1
8325055103225474757,-1
8332940864586048680,1048
8337021962346608691,-1
8337873638363629781,-1
8337887238631734467,1459
8344158754353924131,-1
8350200305402830846,-1
8352115425397788651,-1
8357199628891555427,-1
8366856207777265368,79
8370163047577584446,9121
8374333735792542921,-1
8382664326918389526,-1
8386218398853072886,-1
8389126589660759869,19884
8389312966167186880,-1
8394867524637080625,-1
8397104740146016676,358
8401504837865820811,-1
8405363833412351180,17195
8406418216824061167,41043
8407463903714166314,-1
8409674793365414525,-1
8415020841975256799,-1
8430534427533363059,66
8432205180355626597,-1
8433445229087608538,-1
8437518764525207340,6191
8442075072265159193,-1
8443161494834039652,-1
8452022348537817218,1473056
8459065564791630361,29
8472568346963700656,13354
8474146471467757087,-1
8479272077466102778,-1
8494581533738230868,-1
8496623840374667635,59
8498416611859051729,-1
8508941058515713977,-1
8509763191269647031,100
8510730669390592351,39
8514712293403327394,-1
8514969126047098332,-1
8517718889835627022,97
8520106519920865323,-1
8527269484787257465,1969
8541596130312088457,-1
8546892092388655001,-1
8556735724592756621,-1
8563693875251897752,-1
8565773113155453234,-1
8572876392413054998,-1
8573466637925012443,-1
8577828558412973977,123
8583710831142573271,-1
8584829578011461958,-1
8594973488798130239,354
8597050589400798511,-1
8598365109884388929,-1
8599983720088751774,-1
8602347518114419175,-1
8602730810037648387,-1
8607263319927966536,-1
8614927281421185856,21
8618968386872070499,1868
8624284498244714499,2844
8632920540905482487,-1
8639612387529910809,-1
8646103013341201723,-1
8647123222176261826,-1
8654128515114941740,-1
8654704737752618206,8061
8660223837700558392,-1
8665243798993000484,-1
8665412156387076228,219
8666779704926483992,-1
8667666352580677026,4225398
8670713620125254727,-1
8674780315438895066,-1
8688163137268717050,27743
8691010525595257325,-1
8695003901926295318,-1
8695059467681055653,335
8699108039833717725,-1
8700120959334652550,-1
8703679926637447067,-1
8706504246736450868,-1
8708154949205491464,70
8722441652742892012,184
8734733406056447210,372
8734960421695740081,-1
8738585177504107478,36
8741279234727690226,1577
8742715380135126441,204
8750484445317294699,-1
8759663434368801349,-1
8762126237976983028,539
8767885538164206404,1790
8773813287682407679,-1
8778133396044329983,-1
8780590850506767991,-1
8780615738614603689,4115
8783151849524449360,1228
8787102829910223179,-1
8805690850609163107,1748
8805730488641244046,-1
8805760374372696459,-1
8825801836919523485,-1
8831367285417265011,-1
8833030734356107671,206
8833146119780186657,3363
8844517529497925723,-1
8846000610614697386,725
8847160653474892607,146
8848243486721488921,3787
8849394009325192270,-1
8849808284071210035,37
8854018124589896522,1503
8855028664640661515,512
8859909049658593165,-1
8865699888960395895,-1
8875366056987209018,-1
8881276765418424977,175
8887882022152988977,-1
8891347403104244348,-1
8894655501641682928,-1
8905191437034135355,107
8909449363481828238,52
8913041038877719906,1929
8913664652924446349,181
8914350227511099882,1364
8919768338879454587,2604
8923577917047821010,-1
8924363325619942324,-1
8925796175949167102,-1
8927021975650668460,253
8928759992032281335,60
8933184904332497659,34484
8936753795692729288,-1
8945304032768467286,-1
8945664521559892720,-1
8952087759706193554,2730
8952558814679817026,-1
8965391416374792757,299
8966934811378531517,-1
8969434991193340540,-1
8970878084534133576,90042
8976638257546585889,75
8978835342463313787,447
8979833298779547878,-1
8992285715589102377,-1
8996134013162107600,6
9001527422510889567,-1
9002644741602610216,-1
9002961799931112988,-1
9008281951079701178,-1
9009067776276219782,-1
9010201744824745639,546
9011253965584479694,81
9013070998107838157,-1
9021114985417234650,-1
9025127204439435111,-1
9028190343642051386,-1
9034000854150768147,-1
9038459943168295129,-1
9046039322645130125,-1
9050058819096805711,-1
9051154796741785547,57
9055433034719805103,309
9059898988303212858,298
9059948488228104108,-1
9064165349854428180,778
9072804712261740136,-1
9073191699481427235,96
9078581263319058904,-1
9082531666812023135,-1
9083260918093585628,76947
9091766669044762848,-1
9094819179972881720,-1
9100149448363205522,-1
9103004715354648764,-1
9103081386045561782,-1
9106176165010787908,-1
9106759986777004052,-1
9107259525595655000,213
9111100417575973429,65
9115600109758139527,-1
9128344375007371554,-1
9130934519741193099,4719
9132112895304538761,-1
9135824859937885238,2778
9138661920736630144,-1
9139647483093599183,-1
9142893083821570275,23789
9145184788887440124,-1
9151246983695642487,27188
9159450486254400834,170
9167404775713464619,-1
9173189511079428787,96
9174526796953709484,-1
9174819119022344383,-1
9175794279457282684,-1
9181201694197108281,3287
9188747340905104075,216
9193349786966167864,-1
9195696560645230438,-1
9196529723008149176,610
9198389020632256982,-1
9202348914597323053,-1
9203395521919470061,-1
9203559451373327637,1908
9209793795197852544,201
9210541577777911961,6
9211111397030689597,-1
9212556816512443502,-1
9213529154366735479,-1
9213762316593380748,-1
9220437466264519562,-1
